Area,meanValue,ISO_A3,richness,NAME_LONG,INCOME_GRP,area,GNI,log_GNI,log_Richness,log_forestArea,log_import
Afghanistan,2200.15217391304,AFG,8,Afghanistan,5. Low income,167938.679486133,437.272727272727,2.64174444632478,0.954242509439325,5.22515331999702,3.34265006799915
Albania,8172.35483870968,ALB,16,Albania,4. Lower middle income,555731.530254337,4297.5,3.63331693107427,1.23044892137827,5.74486581930915,3.912400353825
Algeria,62145.421875,DZA,28,Algeria,3. Upper middle income,894768.183292135,4060,3.60863298949004,1.46239799789896,5.95171101816415,4.79341612887988
Angola,1161.17142857143,AGO,3,Angola,3. Upper middle income,38815112.3857932,2655.41666666667,3.42429619638937,0.602059991327962,7.58900085915208,3.06527019431193
Argentina,39435.203125,ARG,71,Argentina,3. Upper middle income,25471404.0809179,9103.75,3.95926802535213,1.85733249643127,7.4060529026416,4.59589509487874
Armenia,1114.74074074074,ARM,10,Armenia,4. Lower middle income,291913.534060907,3191.66666666667,3.50415357798693,1.04139268515822,5.46525571850742,3.04756329142394
Australia,33033.234375,AUS,376,Australia,1. High income: OECD,35049824.5428602,45793.3333333333,4.66081174100994,2.57634135020579,7.54468586064899,4.51896424574201
Austria,5206343.390625,AUT,439,Austria,1. High income: OECD,3818317.53714852,44250.4166666667,4.64592717877775,2.64345267648619,6.5818721558951,6.71653289254793
Azerbaijan,4188.03333333333,AZE,4,Azerbaijan,3. Upper middle income,1090436.94129562,4036.66666666667,3.60613046250194,0.698970004336019,6.03760095416984,3.62211381618006
Bahamas,15704.0158730159,BHS,1,Bahamas,2. High income: nonOECD,106723.442626882,28334.5833333333,4.45233215771653,0.301029995663981,5.02826389535978,4.19603837967497
Bangladesh,48302.2,BGD,30,Bangladesh,5. Low income,1442641.50974212,1208.33333333333,3.0825460236684,1.49136169383427,6.15915872521605,4.68397590293178
Belarus,50280.1290322581,BLR,50,Belarus,3. Upper middle income,7387600.71022555,5071.66666666667,3.70523632504487,1.70757017609794,6.86850347316317,4.70140502094261
Belgium,3901752.96,BEL,202,Belgium,1. High income: OECD,675305.31875476,42417.0833333333,4.62755104097067,2.30749603791321,5.82950081337706,6.59125987982444
Belize,2539,BLZ,15,Belize,4. Lower middle income,1616928.98236441,5383.75,3.73116554493375,1.20411998265592,6.20869121413575,3.40483371661994
Benin,11802.75,BEN,58,Benin,5. Low income,1628970.17971197,969.583333333333,2.98703282942362,1.77085201164214,6.21191340069723,4.07202000269422
Bhutan,109.685714285714,BTN,11,Bhutan,4. Lower middle income,2002878.2833172,2245,3.35140975192544,1.07918124604762,6.30165477447126,2.04409157203282
Bolivia (Plurinational State of),2872.42857142857,BOL,30,Bolivia,4. Lower middle income,55753055.4941126,2307.5,3.36332987888716,1.49136169383427,7.74626868126532,3.45840040577806
Bosnia and Herzegovina,61000.1666666667,BIH,13,Bosnia and Herzegovina,3. Upper middle income,2342280.69117122,4532.91666666667,3.65647353353655,1.14612803567824,6.36963912368452,4.78533814110995
Botswana,31610.4375,BWA,24,Botswana,3. Upper middle income,1301714.00909081,5773.75,3.76153318753031,1.39794000867204,6.1145159123988,4.49984424541639
Brazil,28984.765625,BRA,148,Brazil,3. Upper middle income,477236463.358971,7814.16666666667,3.89293824424156,2.17318626841227,8.67873361954329,4.46218477623763
Brunei Darussalam,509.885714285714,BRN,7,Brunei Darussalam,2. High income: nonOECD,717029.700205709,31191.25,4.49404670298223,0.903089986991944,5.85553775070894,2.70832375883097
Bulgaria,160064.825396825,BGR,64,Bulgaria,3. Upper middle income,3491645.61347914,6870.41666666667,3.83704628394298,1.81291335664286,6.5430302826904,5.2042986184536
Burkina Faso,552,BFA,9,Burkina Faso,5. Low income,896841.134968089,592.916666666667,2.77372551274933,1,5.95271600386242,2.7427251313047
Burundi,343.285714285714,BDI,6,Burundi,5. Low income,573868.312215195,202.916666666667,2.30945272330416,0.845098040014257,5.75881300137713,2.53691900256061
Cambodia,7922.08,KHM,26,Cambodia,5. Low income,7237549.10089898,1174.58333333333,3.07025342029554,1.43136376415899,6.85959158308695,3.89889404105635
Cameroon,1344.51612903226,CMR,22,Cameroon,4. Lower middle income,24950163.0952043,1327.5,3.1233615587463,1.36172783601759,7.39707340628836,3.12888890812558
Canada,4061534.578125,CAN,264,Canada,1. High income: OECD,312272578.51754,41735,4.62051082371432,2.42324587393681,8.49453385074621,6.6086902619076
Central African Republic,20.84375,CAF,6,Central African Republic,5. Low income,30526619.6856847,401.666666666667,2.60494567956545,0.845098040014257,7.48467873031275,1.33932719742578
Chad,287.380952380952,TCD,4,Chad,5. Low income,3103390.54842761,816.666666666667,2.91257629348672,0.698970004336019,6.49183657306847,2.4599665717581
Chile,1757.14285714286,CHL,60,Chile,3. Upper middle income,16118073.2699106,10899.1666666667,4.03743313847826,1.78532983501077,7.2073131526111,3.24505416058313
China,20057433,CHN,253,China,3. Upper middle income,118790828.492259,6024.58333333333,3.77999909708667,2.40483371661994,8.07478291493277,7.30227537180895
"China, mainland",17395927.65625,CHN,253,China,3. Upper middle income,118790828.492259,6024.58333333333,3.77999909708667,2.40483371661994,8.07478291493277,7.24044761787922
Colombia,2630.23529411765,COL,107,Colombia,3. Upper middle income,77352153.4376862,5292.91666666667,3.72377710064276,2.03342375548695,7.88847241431681,3.4201596859298
Congo,206.967741935484,COG,6,Republic of the Congo,4. Lower middle income,24355026.991186,2004.16666666667,3.30215047641027,0.845098040014257,7.38658863304187,2.31799597637683
Costa Rica,3016.24137931035,CRI,63,Costa Rica,3. Upper middle income,3477590.549779,8449.58333333334,3.92688668879629,1.80617997398389,6.54127857188924,3.47961005512336
Côte d'Ivoire,4763.91304347826,CIV,44,Côte d'Ivoire,4. Lower middle income,11182895.7479773,1381.25,3.14058659861077,1.65321251377534,7.04855431506295,3.67805497945868
Croatia,94051.0606060606,HRV,110,Croatia,2. High income: nonOECD,2063643.08318003,12740.4166666667,4.10521771813364,2.04532297878666,6.31463479661809,4.97336831503832
Cuba,6604.18,CUB,25,Cuba,3. Upper middle income,3153794.37845776,5444.5,3.73603776237858,1.41497334797082,6.49883351242679,3.81988465721801
Cyprus,4508.703125,CYP,16,Cyprus,2. High income: nonOECD,68773.007756899,25874.1666666667,4.41288315584393,1.23044892137827,4.83742433328474,3.65414795309348
Czechia,1170881.125,CZE,135,Czech Republic,1. High income: OECD,2598149.37461226,17320.8333333333,4.23859385560359,2.13353890837022,6.41466428337072,6.06851317599568
Democratic Republic of the Congo,2712.35294117647,COD,9,Democratic Republic of the Congo,5. Low income,165535518.76613,354.583333333333,2.55094139681169,1,8.21889119680231,3.43350628857764
Denmark,358969.4375,DNK,178,Denmark,1. High income: OECD,422631.701528289,55835.8333333333,4.74692078023014,2.25285303097989,5.62596309788388,5.55505868434637
Djibouti,309.314285714286,DJI,0,Djibouti,4. Lower middle income,194.593916349525,2784.44444444444,3.44489450089928,0,2.29135534259412,2.49180176934528
Dominican Republic,20106.1333333333,DOM,29,Dominican Republic,3. Upper middle income,2068433.08093892,5508.75,3.74113189357345,1.47712125471966,6.31564168489281,4.30335015780417
Ecuador,5288.09375,ECU,45,Ecuador,3. Upper middle income,17388124.2071646,4447.08333333333,3.64817291501011,1.66275783168157,7.24025275876661,3.72338126502368
Egypt,122598.921875,EGY,14,Egypt,4. Lower middle income,307812.742490072,2313.75,3.36450409276935,1.17609125905568,5.48828800521078,5.0884901934347
El Salvador,1382.63492063492,SLV,17,El Salvador,4. Lower middle income,742834.135016216,3196.66666666667,3.50483318975031,1.25527250510331,5.87089243704781,3.14102151434816
Equatorial Guinea,29.1935483870968,GNQ,2,Equatorial Guinea,2. High income: nonOECD,2148926.82074017,6040.83333333333,3.78116874089556,0.477121254719662,6.33222182843668,1.47991415490383
Eritrea,1002.90476190476,ERI,1,Eritrea,5. Low income,13744.3147943823,421.666666666667,2.62599799882605,0.301029995663981,4.13815469047979,3.00169251426209
Estonia,531150.4375,EST,97,Estonia,1. High income: OECD,2013905.78148514,15949.5833333333,4.20277657039102,1.9912260756925,6.30403936431911,5.72521836118322
Eswatini,24076.6388888889,SWZ,9,Kingdom of eSwatini,4. Lower middle income,460287.367751046,3100,3.49150176623733,1,5.66302999969222,4.38161389671359
Ethiopia,1985.5,ETH,24,Ethiopia,5. Low income,12401624.6301838,456.25,2.66015371414845,1.39794000867204,7.09347861709323,3.29808856939138
Ethiopia PDR,552,ETH,24,Ethiopia,5. Low income,12401624.6301838,456.25,2.66015371414845,1.39794000867204,7.09347861709323,2.7427251313047
Fiji,1158.17391304348,FJI,18,Fiji,4. Lower middle income,1106565.17628999,3961.25,3.59794187407864,1.27875360095283,6.04397739127565,3.06414859887034
Finland,5768354.015625,FIN,312,Finland,1. High income: OECD,15794076.413424,44224.5833333333,4.64567356994303,2.49554433754645,7.19849426234239,6.76105198135462
France,1919091.703125,FRA,486,France,1. High income: OECD,22194081.1311923,38665.8333333333,4.5873386064622,2.68752896121463,7.34623718884771,6.28309595414309
Gabon,254.818181818182,GAB,9,Gabon,3. Upper middle income,22281356.619388,6377.08333333333,3.80469018925162,1,7.34794164918777,2.4079314079405
Gambia,243.257142857143,GMB,8,The Gambia,5. Low income,124149.759562976,645,2.81023251799508,0.954242509439325,5.09394938094254,2.38784727273097
Georgia,14253.5333333333,GEO,28,Georgia,4. Lower middle income,2522485.88815338,3351.25,3.52533639944864,1.46239799789896,6.40182891745902,4.15395300389201
Germany,4306291.578125,DEU,448,Germany,1. High income: OECD,10344866.0118895,42698.75,4.63042533230984,2.65224634100332,7.01472491197867,6.63410353332504
Ghana,12848.4838709677,GHA,20,Ghana,4. Lower middle income,6041721.18964178,1342.91666666667,3.12837233990168,1.32221929473392,6.78116075167552,4.1088856835823
Greece,189620.78125,GRC,121,Greece,1. High income: OECD,2666548.62853913,20817.0833333333,4.31844074265415,2.08635983067475,6.42594967097412,5.27788822189115
Guatemala,2058.90697674419,GTM,34,Guatemala,4. Lower middle income,6654449.98914043,3137.91666666667,3.49677978601313,1.54406804435028,6.82311223077655,3.31384760852504
Guinea,359.142857142857,GIN,4,Guinea,5. Low income,6532713.99816574,742.916666666667,2.87152428872624,0.698970004336019,6.81509371169909,2.55647480566219
Guinea-Bissau,14.3870967741935,GNB,5,Guinea-Bissau,5. Low income,812482.210351879,625.416666666667,2.79686330419847,0.778151250383644,5.90981439521784,1.18715668520584
Guyana,5268.52631578947,GUY,5,Guyana,4. Lower middle income,18862309.5437348,4841.25,3.68504720782725,0.778151250383644,7.27559489067768,3.72177157770123
Haiti,2556.22448979592,HTI,10,Haiti,5. Low income,668822.705353868,1153.33333333333,3.0623312368298,1.04139268515822,5.82531165755585,3.40776885489381
Honduras,3473.87096774194,HND,29,Honduras,4. Lower middle income,6534584.96510227,1814.16666666667,3.25891650765891,1.47712125471966,6.81521807565523,3.54093868258424
Hungary,823947.1875,HUN,166,Hungary,1. High income: OECD,1708808.66085916,12588.3333333333,4.10000273270354,2.22271647114758,6.23269369066562,5.91589990272828
India,1943795.0625,IND,138,India,4. Lower middle income,29187750.4251607,1339.16666666667,3.12715881173244,2.1430148002541,7.46520063896679,6.28865069805068
Indonesia,215312.114285714,IDN,64,Indonesia,4. Lower middle income,133745605.249747,2655,3.42422807069598,1.81291335664286,8.12627952368143,5.3330704826264
Iran (Islamic Republic of),29251.2203389831,IRN,44,Iran,3. Upper middle income,1367296.66311738,4513.75,3.65463370667023,1.65321251377534,6.13586307153695,4.46615883603773
Iraq,8843.08571428572,IRQ,10,Iraq,4. Lower middle income,22233.0450174457,3930,3.59450304382009,1.04139268515822,4.34701848064529,3.94665294298186
Ireland,111414.265625,IRL,63,Ireland,1. High income: OECD,590223.895505022,49051.25,4.69065893302429,1.80617997398389,5.7710175239583,5.04694470001624
Israel,112789.109375,ISR,54,Israel,1. High income: OECD,23677.7463232349,33327.9166666667,4.52282119744886,1.74036268949424,4.37435870483659,5.05227101780167
Italy,4154921.4375,ITA,369,Italy,1. High income: OECD,7921224.10648818,32945,4.51780269409302,2.568201724067,6.89879235530681,6.61856292095282
Jamaica,9550.40625,JAM,16,Jamaica,3. Upper middle income,671235.252942225,4757.91666666667,3.67750809993982,1.23044892137827,5.82687540435756,3.98006731730673
Japan,19965237.75,JPN,156,Japan,1. High income: OECD,22326996.3608061,41079.5833333333,4.61363660183491,2.19589965240923,7.3488303210421,7.30027450797827
Jordan,5672.84090909091,JOR,11,Jordan,3. Upper middle income,2190.07366768017,3261.25,3.51351723980056,1.07918124604762,3.34065697953658,3.75387715428807
Kazakhstan,129635.40625,KAZ,22,Kazakhstan,3. Upper middle income,3511594.3196731,6676.25,3.82459763676784,1.36172783601759,6.54550446151671,5.11272698311744
Kenya,2577.08888888889,KEN,42,Kenya,5. Low income,4071359.46295011,1132.5,3.05442152446254,1.63346845557959,6.60973955488245,3.41129788714013
Kyrgyzstan,13730.6875,KGZ,9,Kyrgyzstan,5. Low income,525854.927397876,898.75,2.95412185532495,1,5.72086677360871,4.13772391137402
Lao People's Democratic Republic,210.870967741936,LAO,24,Lao PDR,4. Lower middle income,15764146.7054845,1346.25,3.12944819226806,1.39794000867204,7.19767049542576,2.32607145027711
Latvia,769659.333333333,LVA,30,Latvia,3. Upper middle income,2726168.63207488,12301.25,4.0899845482866,1.49136169383427,6.43555287570336,5.88629910451665
Lebanon,21789.671875,LBN,5,Lebanon,3. Upper middle income,54306.2680638914,6082.08333333333,3.78412376598765,0.778151250383644,4.73485795608633,4.33827062111852
Lesotho,21468.4,LSO,3,Lesotho,4. Lower middle income,55258.7418576127,1139.16666666667,3.05696834004091,0.602059991327962,4.74240885180604,4.33181990748561
Liberia,938.645161290323,LBR,4,Liberia,5. Low income,6555289.5083401,459.166666666667,2.66291515625562,0.698970004336019,6.81659194291754,2.97296388169842
Libya,21573.5573770492,LBY,0,Libya,3. Upper middle income,5622.28075545463,8398.75,3.92426636043853,0,3.74998976721931,4.33394189450651
Lithuania,200176.060606061,LTU,54,Lithuania,3. Upper middle income,1871879.06954644,13231.25,4.1216336975134,1.74036268949424,6.27227802025535,5.3014143077936
Luxembourg,768117.64,LUX,77,Luxembourg,1. High income: OECD,84739.0543203871,73652.5,4.86719338925836,1.89209460269048,4.92808873805814,5.88542830429974
Madagascar,2047.8,MDG,17,Madagascar,5. Low income,15011691.8053674,416.666666666667,2.62082981627449,1.25527250510331,7.1764296685642,3.31149956546037
Malawi,1352.2,MWI,14,Malawi,5. Low income,1906871.52949887,497.916666666667,2.69802801209806,1.17609125905568,6.28032166232469,3.13136198911594
Malaysia,127795.935483871,MYS,60,Malaysia,3. Upper middle income,26949514.0740332,8137.91666666667,3.91056660181802,1.78532983501077,7.43055095495629,5.10652043975038
Mali,946.133333333333,MLI,9,Mali,5. Low income,1919149.84715745,733.333333333333,2.86589324243111,1,6.28310911205354,2.97641112140544
Mauritania,7026.87096774194,MRT,3,Mauritania,5. Low income,4101.95269516997,1435,3.15715443990628,0.602059991327962,3.61309650981481,3.84682377921596
Mexico,38269.453125,MEX,241,Mexico,3. Upper middle income,42556417.7575446,9415.41666666667,3.97388566734074,2.38381536598043,7.62896507372127,4.58286360433378
Mongolia,3458.29032258065,MNG,6,Mongolia,4. Lower middle income,2634868.34540201,2540.41666666667,3.40507587370814,0.845098040014257,6.42075908483215,3.53898701191425
Montenegro,2515.31578947368,MNE,15,Montenegro,3. Upper middle income,531653.068415384,6259.16666666667,3.7965858957424,1.20411998265592,5.72562914160926,3.40076514274296
Morocco,248454.734375,MAR,36,Morocco,4. Lower middle income,534462.672156819,2886.66666666667,3.46054705967934,1.568201724067,5.72791819126976,5.39524902474297
Mozambique,29180.8064516129,MOZ,16,Mozambique,5. Low income,22940605.2206708,497.916666666667,2.69802801209806,1.23044892137827,7.36060489023541,4.46511217267341
Myanmar,97.8387096774194,MMR,28,Myanmar,5. Low income,34033237.0119715,837.916666666667,2.92371882256376,1.46239799789896,7.53190327098333,1.99492706712629
Namibia,12399.16,NAM,12,Namibia,3. Upper middle income,872304.652761356,4135,3.61658053008589,1.11394335230684,5.94066868682308,4.09342728892585
Nepal,602.78125,NPL,27,Nepal,5. Low income,3792497.48627732,709.583333333333,2.85161501693568,1.44715803134222,6.57892541611624,2.78087962218828
Netherlands (Kingdom of the),581599.046875,NLD,216,Netherlands,1. High income: OECD,471322.395729685,47430,4.67606228109091,2.33645973384853,5.6733189979691,5.76462443285365
New Caledonia,1183.2,NCL,22,New Caledonia,2. High income: nonOECD,880511.363070136,31960,4.50462035911779,1.36172783601759,5.94473545817433,3.07342505674598
New Zealand,7060.578125,NZL,178,New Zealand,1. High income: OECD,9105427.23805667,32877.0833333333,4.51690649189662,2.25285303097989,6.95930037594658,3.84890176824586
Nicaragua,2606.50877192982,NIC,24,Nicaragua,4. Lower middle income,6696894.00455578,1592.91666666667,3.20246561181989,1.39794000867204,6.82587349002182,3.41622577811269
Niger,599.347826086957,NER,15,Niger,5. Low income,109366.593506794,462.5,2.66604973848052,1.20411998265592,5.03888865612826,2.77840294235354
Nigeria,3876.72340425532,NGA,28,Nigeria,4. Lower middle income,11584260.9268965,2376.875,3.37618902091468,1.46239799789896,7.06386836861479,3.58857682787582
North Macedonia,11423.8125,MKD,10,North Macedonia,3. Upper middle income,668268.217921245,4757.91666666667,3.67750809993982,1.04139268515822,5.82495145694169,4.05784908131225
Norway,1635427.796875,NOR,130,Norway,1. High income: OECD,8182636.71709482,77657.0833333333,4.89018666759003,2.11727129565576,6.91289332339294,6.21363164060564
Oman,20974.6136363636,OMN,8,Oman,2. High income: nonOECD,2278.29081197855,17095.4166666667,4.2329050937272,0.954242509439325,3.3577997398272,4.32171467486371
Pakistan,126386.328125,PAK,27,Pakistan,4. Lower middle income,836653.772467461,1090.41666666667,3.03799058146664,1.44715803134222,5.92254629271142,5.10170353279711
Palestine,850.636363636364,PSE,13,Palestine,4. Lower middle income,254.082933408909,2883.75,3.46010818202382,1.14612803567824,2.40668140265416,2.93025419690608
Panama,2890.55555555556,PAN,29,Panama,3. Upper middle income,4949237.97731958,9674.16666666667,3.98565845501293,1.47712125471966,6.69453842451745,3.46113154083447
Papua New Guinea,97.5142857142857,PNG,63,Papua New Guinea,4. Lower middle income,37747099.6197492,1701.66666666667,3.23112963387172,1.80617997398389,7.57688359879429,1.9934992128024
Paraguay,722.612903225807,PRY,17,Paraguay,4. Lower middle income,16211505.7824741,4174.58333333333,3.62071715544863,1.25527250510331,7.20982338233167,2.85950630245229
Peru,9415.21875,PER,44,Peru,3. Upper middle income,75814095.5813955,4706.25,3.67276726411014,1.65321251377534,7.87974996418511,3.97387653913173
Philippines,171845.035087719,PHL,35,Philippines,4. Lower middle income,13557817.2334612,2538.33333333333,3.40471971360527,1.55630250076729,7.13218980712661,5.23513951634296
Poland,860701.484375,POL,146,Poland,1. High income: OECD,8134048.40945882,11780.4166666667,4.07119751570778,2.16731733474818,6.9103068061544,5.93485305653694
Portugal,961080.203125,PRT,127,Portugal,1. High income: OECD,1729255.56773118,20132.5,4.30391927903959,2.10720996964787,6.23785943380799,5.98276008338053
Republic of Korea,5475265.828125,KOR,112,Republic of Korea,1. High income: OECD,3510965.5064935,26082.0833333333,4.41635892891196,2.05307844348342,6.54542668645355,6.73840528865528
Republic of Moldova,24020.4838709677,MDA,5,Moldova,4. Lower middle income,304006.828893899,2749.16666666667,3.43935901391038,0.778151250383644,5.48288476782467,4.38059983142111
Romania,377793.492063492,ROU,64,Romania,3. Upper middle income,6950161.71527849,8430.41666666667,3.92590055194683,1.81291335664286,6.84199497229088,5.57725562197155
Russian Federation,257080.545454545,RUS,185,Russian Federation,3. Upper middle income,554718463.595826,8922.91666666667,3.95055550610129,2.26951294421792,8.74407262223112,5.41007090202241
Rwanda,2650.54838709677,RWA,5,Rwanda,5. Low income,557560.818096686,585.833333333333,2.76851477468654,0.778151250383644,5.74629302556757,3.42349955680151
Saudi Arabia,51863.0175438597,SAU,7,Saudi Arabia,2. High income: nonOECD,623.354249549099,22244.5833333333,4.34724379849162,0.903089986991944,2.79543107200677,4.71486615550215
Senegal,18183.746031746,SEN,15,Senegal,4. Lower middle income,936267.719840993,1195,3.07773117965239,1.20411998265592,5.97140051411726,4.25970724007418
Serbia,78016.3157894737,SRB,45,Serbia,3. Upper middle income,2273804.46443457,5769.58333333333,3.76121971707994,1.66275783168157,6.35675330585014,4.89219100419324
Sierra Leone,344.129032258065,SLE,1,Sierra Leone,5. Low income,3374908.25822756,670.416666666667,2.82699211759642,0.301029995663981,6.52826210037272,2.53798149368483
Slovakia,654882.4375,SVK,116,Slovakia,1. High income: OECD,2059737.30550373,15438.3333333333,4.18862854367424,2.06818586174616,6.3138120457598,5.81616400693008
Slovenia,351176.303030303,SVN,162,Slovenia,1. High income: OECD,1111126.88179561,21575.8333333333,4.33398770694684,2.21218760440396,6.04576404558537,5.54552643921804
Solomon Islands,86.3,SLB,7,Solomon Islands,4. Lower middle income,1605437.68351507,1617.08333333333,3.20900088456603,0.903089986991944,6.20559372321951,1.94101424370557
Somalia,1391.3829787234,SOM,2,Somalia,5. Low income,952158.782672214,414.166666666667,2.61822247715286,0.477121254719662,5.97870983379424,3.14375870558346
South Africa,40787.8524590164,ZAF,119,South Africa,3. Upper middle income,7253900.15055593,5884.16666666667,3.76975876648085,2.07918124604762,6.86057163312192,4.61054148718208
South Sudan,4607.5,SSD,2,South Sudan,5. Low income,12930899.458826,974,2.98900461569854,0.477121254719662,7.1116287685527,3.66355959182592
Spain,1574297.4375,ESP,374,Spain,1. High income: OECD,8531490.00207968,27274.5833333333,4.43577404746345,2.57403126772772,6.93102493707484,6.1970870644104
Sri Lanka,2149.73333333333,LKA,47,Sri Lanka,4. Lower middle income,3120756.28214832,2660.41666666667,3.42511287224711,1.68124123737559,6.49425999259269,3.33258656610981
Sudan,413.076923076923,SDN,2,Sudan,4. Lower middle income,1522797.84965406,874.583333333333,2.9422974862099,0.477121254719662,6.18264254006965,2.61708102750885
Sudan (former),2384.84615384615,SDN,2,Sudan,4. Lower middle income,1522797.84965406,874.583333333333,2.9422974862099,0.477121254719662,6.18264254006965,3.37764243569232
Suriname,5715,SUR,9,Suriname,3. Upper middle income,13701540.3315971,5324.16666666667,3.72633320483959,1,7.13676942512392,3.75709222011893
Sweden,5098893.984375,SWE,259,Sweden,1. High income: OECD,20561906.7336427,50906.6666666667,4.70678319177287,2.41497334797082,7.3130634060313,6.70747606743401
Switzerland,350075.46875,CHE,240,Switzerland,1. High income: OECD,1541202.77082627,73435,4.86590901316543,2.38201704257487,6.18786006292015,5.54416291957542
Syrian Arab Republic,19737.03125,SYR,18,Syria,4. Lower middle income,59375.0033555735,1299.5652173913,3.11413213495789,1.27875360095283,4.77361096154841,4.2953038322292
Tajikistan,5711.55172413793,TJK,7,Tajikistan,5. Low income,77105.4819860561,826.666666666667,2.9178554648349,0.903089986991944,4.88709088871823,3.75683014540281
Thailand,342499.078125,THA,59,Thailand,3. Upper middle income,15191215.7135199,4692.08333333333,3.67145826588637,1.77815125038364,7.18159255930098,5.53466067489196
Timor-Leste,209.454545454545,TLS,6,Timor-Leste,4. Lower middle income,558210.623235875,1952.08333333333,3.29072077397639,0.845098040014257,5.74679887524585,2.32315831019575
Togo,1237.24444444444,TGO,31,Togo,5. Low income,999029.670257554,717.5,2.85642677247024,1.50514997831991,5.99957882127819,3.09280638813639
Trinidad and Tobago,5395.80952380952,TTO,16,Trinidad and Tobago,2. High income: nonOECD,322010.092728979,14850.8333333333,4.17178006694654,1.23044892137827,5.50787083265237,3.73213709025008
Tunisia,30910.53125,TUN,7,Tunisia,3. Upper middle income,210678.466017495,3517.08333333333,3.54630612243759,0.903089986991944,5.32362220893573,4.49012051903787
Türkiye,544973.484375,TUR,62,Turkey,3. Upper middle income,8130906.87193309,9156.25,3.96176507092353,1.79934054945358,6.91013904027522,5.73637616914903
Turkmenistan,2973.29032258065,TKM,0,Turkmenistan,3. Upper middle income,12042.5040350684,4012.91666666667,3.60356835181302,0,4.08075286247772,3.47338335804636
Uganda,2784.13636363636,UGA,22,Uganda,5. Low income,6457525.22399572,620.833333333333,2.79367399865719,1.36172783601759,6.8100661785176,3.44484646361208
Ukraine,84723,UKR,131,Ukraine,4. Lower middle income,8976511.87028373,2641.25,3.42197390657294,2.12057393120585,6.95310765790173,4.92800645154843
United Kingdom of Great Britain and Northern Ireland,592909.515625,GBR,355,United Kingdom,1. High income: OECD,2670942.73852955,41656.6666666667,4.61969494054762,2.55144999797288,6.42666474002306,5.7729891528874
United Republic of Tanzania,6435,TZA,25,Tanzania,5. Low income,21368267.4235117,774.583333333333,2.88962846786523,1.41497334797082,7.32976933055982,3.80861603542699
United States of America,1700351.234375,USA,651,United States,1. High income: OECD,240346688.730873,53742.0833333333,4.73032257903499,2.81424759573192,8.38083814501463,6.23053889643698
Uruguay,8886.890625,URY,18,Uruguay,3. Upper middle income,1312965.47275915,12057.5,4.081293287718,1.27875360095283,6.11825363630913,3.94879870150761
USSR,160933.258064516,RUS,185,Russian Federation,3. Upper middle income,554718463.595826,8922.91666666667,3.95055550610129,2.26951294421792,8.74407262223112,5.20664850217684
Uzbekistan,190982.125,UZB,31,Uzbekistan,4. Lower middle income,105201.421500055,1635.41666666667,3.21389389407524,1.50514997831991,5.0220257363197,5.28099499529406
Vanuatu,260.935483870968,VUT,12,Vanuatu,4. Lower middle income,488342.185690196,2605,3.41597441137657,1.11394335230684,5.68872513197946,2.4181943354069
Venezuela (Bolivarian Republic of),12032.421875,VEN,31,Venezuela,3. Upper middle income,52272248.0338458,5775,3.76162718456158,1.50514997831991,7.71827118618874,4.08038914272747
Viet Nam,590462.578947369,VNM,43,Vietnam,4. Lower middle income,13711141.4044574,1886.66666666667,3.27592530690687,1.64345267648619,7.13707364146219,5.77119311456596
Yemen,2541.15094339623,YEM,1,Yemen,4. Lower middle income,15590.7823581394,810,2.90902085421116,0.301029995663981,4.19289576394186,3.40520133376238
Zambia,5519.43859649123,ZMB,22,Zambia,4. Lower middle income,19727956.098272,1077.08333333333,3.03265233210122,1.36172783601759,7.29508211480701,3.74197358361125
Zimbabwe,2818.66666666667,ZWE,23,Zimbabwe,5. Low income,4073994.98939004,1111.25,3.04620241442008,1.38021124171161,6.61002059712693,3.45019777023999
