ISO_A3,NAME_LONG.x,INCOME_GRP.x,CONTINENT,SUBREGION,Area,meanValue,richness,NAME_LONG.y,INCOME_GRP.y,area,GNI,total_richness,total_records,log10_total_richness,log10_total_records,richness_for_model,log_Richness,log_GNI,log_forestArea,log_import,Residuals,Std_Residuals
FJI,Fiji,4. Lower middle income,Oceania,Melanesia,Fiji,1158.17391304348,18,Fiji,4. Lower middle income,1106565.17628999,3961.25,13,109,1.14612803567824,2.04139268515823,13,1.14612803567824,3.59794187407864,6.04397739127565,3.06414859887034,0.00301271913193964,0.00959561426294512
TZA,Tanzania,5. Low income,Africa,Eastern Africa,United Republic of Tanzania,6435,25,Tanzania,5. Low income,21368267.4235117,774.583333333333,26,178,1.43136376415899,2.25285303097989,26,1.43136376415899,2.88962846786523,7.32976933055982,3.80861603542699,0.0664736458446289,0.211720852904738
ESH,Western Sahara,5. Low income,Africa,Northern Africa,,,,,,,,,,,,,,,,,,
CAN,Canada,1. High income: OECD,North America,Northern America,Canada,4061534.578125,264,Canada,1. High income: OECD,312272578.51754,41735,192,47069,2.28555730900777,4.6727441983066,192,2.28555730900777,4.62051082371432,8.49453385074621,6.6086902619076,-0.361883692678179,-1.15261203282309
USA,United States,1. High income: OECD,North America,Northern America,United States of America,1700351.234375,651,United States,1. High income: OECD,240346688.730873,53742.0833333333,575,327222,2.76042248342321,5.51484382196147,575,2.76042248342321,4.73032257903499,8.38083814501463,6.23053889643698,0.17807215355872,0.567165946007487
KAZ,Kazakhstan,3. Upper middle income,Asia,Central Asia,Kazakhstan,129635.40625,22,Kazakhstan,3. Upper middle income,3511594.3196731,6676.25,14,48,1.17609125905568,1.69019608002851,14,1.17609125905568,3.82459763676784,6.54550446151671,5.11272698311744,-0.529849635805584,-1.68758935031524
UZB,Uzbekistan,4. Lower middle income,Asia,Central Asia,Uzbekistan,190982.125,31,Uzbekistan,4. Lower middle income,105201.421500055,1635.41666666667,10,192,1.04139268515822,2.28555730900777,10,1.04139268515822,3.21389389407524,5.0220257363197,5.28099499529406,-0.184591525617997,-0.587930370694221
PNG,Papua New Guinea,4. Lower middle income,Oceania,Melanesia,Papua New Guinea,97.5142857142857,63,Papua New Guinea,4. Lower middle income,37747099.6197492,1701.66666666667,61,503,1.79239168949825,2.70243053644553,61,1.79239168949825,3.23112963387172,7.57688359879429,1.9934992128024,0.617912122099607,1.96807140407022
IDN,Indonesia,4. Lower middle income,Asia,South-Eastern Asia,Indonesia,215312.114285714,64,Indonesia,4. Lower middle income,133745605.249747,2655,67,1278,1.83250891270624,3.10687054447865,67,1.83250891270624,3.42422807069598,8.12627952368143,5.3330704826264,-0.149650983566234,-0.476643540099072
ARG,Argentina,3. Upper middle income,South America,South America,Argentina,39435.203125,71,Argentina,3. Upper middle income,25471404.0809179,9103.75,63,4767,1.80617997398389,3.67833624673218,63,1.80617997398389,3.95926802535213,7.4060529026416,4.59589509487874,-0.0309063135621747,-0.0984376738236873
CHL,Chile,3. Upper middle income,South America,South America,Chile,1757.14285714286,60,Chile,3. Upper middle income,16118073.2699106,10899.1666666667,46,3976,1.67209785793572,3.59955559098598,46,1.67209785793572,4.03743313847826,7.2073131526111,3.24505416058313,0.111729119338516,0.355861095627827
COD,Democratic Republic of the Congo,5. Low income,Africa,Middle Africa,Democratic Republic of the Congo,2712.35294117647,9,Democratic Republic of the Congo,5. Low income,165535518.76613,354.583333333333,11,32,1.07918124604762,1.51851393987789,11,1.07918124604762,2.55094139681169,8.21889119680231,3.43350628857764,-0.314258733200529,-1.00092489558183
SOM,Somalia,5. Low income,Africa,Eastern Africa,Somalia,1391.3829787234,2,Somalia,5. Low income,952158.782672214,414.166666666667,2,8,0.477121254719662,0.954242509439325,2,0.477121254719662,2.61822247715286,5.97870983379424,3.14375870558346,-0.385780267424047,-1.22872344693934
KEN,Kenya,5. Low income,Africa,Eastern Africa,Kenya,2577.08888888889,42,Kenya,5. Low income,4071359.46295011,1132.5,48,262,1.69019608002851,2.41995574848976,48,1.69019608002851,3.05442152446254,6.60973955488245,3.41129788714013,0.512258774846955,1.63156185192596
SDN,Sudan,4. Lower middle income,Africa,Northern Africa,Sudan,413.076923076923,2,Sudan,4. Lower middle income,1522797.84965406,874.583333333333,4,20,0.698970004336019,1.32221929473392,4,0.698970004336019,2.9422974862099,6.18264254006965,2.61708102750885,-0.202394808012108,-0.644634438676221
SDN,Sudan,4. Lower middle income,Africa,Northern Africa,Sudan (former),2384.84615384615,2,Sudan,4. Lower middle income,1522797.84965406,874.583333333333,4,20,0.698970004336019,1.32221929473392,4,0.698970004336019,2.9422974862099,6.18264254006965,3.37764243569232,-0.346080198172322,-1.10227735818412
TCD,Chad,5. Low income,Africa,Middle Africa,Chad,287.380952380952,4,Chad,5. Low income,3103390.54842761,816.666666666667,4,17,0.698970004336019,1.25527250510331,4,0.698970004336019,2.91257629348672,6.49183657306847,2.4599665717581,-0.232525903979788,-0.74060301774502
HTI,Haiti,5. Low income,North America,Caribbean,Haiti,2556.22448979592,10,Haiti,5. Low income,668822.705353868,1153.33333333333,10,22,1.04139268515822,1.36172783601759,10,1.04139268515822,3.0623312368298,5.82531165755585,3.40776885489381,0.0352150865362354,0.112161264239854
DOM,Dominican Republic,3. Upper middle income,North America,Caribbean,Dominican Republic,20106.1333333333,29,Dominican Republic,3. Upper middle income,2068433.08093892,5508.75,32,265,1.51851393987789,2.42488163663107,32,1.51851393987789,3.74113189357345,6.31564168489281,4.30335015780417,0.0402056746661622,0.128056459424936
RUS,Russian Federation,3. Upper middle income,Europe,Eastern Europe,Russian Federation,257080.545454545,185,Russian Federation,3. Upper middle income,554718463.595826,8922.91666666667,155,4505,2.19312459835446,3.65379118738781,155,2.19312459835446,3.95055550610129,8.74407262223112,5.41007090202241,-0.0909837939359149,-0.289786519271792
RUS,Russian Federation,3. Upper middle income,Europe,Eastern Europe,USSR,160933.258064516,185,Russian Federation,3. Upper middle income,554718463.595826,8922.91666666667,155,4505,2.19312459835446,3.65379118738781,155,2.19312459835446,3.95055550610129,8.74407262223112,5.20664850217684,-0.0525531996740402,-0.16738375210933
BHS,Bahamas,2. High income: nonOECD,North America,Caribbean,Bahamas,15704.0158730159,1,Bahamas,2. High income: nonOECD,106723.442626882,28334.5833333333,5,7,0.778151250383644,0.903089986991944,5,0.778151250383644,4.45233215771653,5.02826389535978,4.19603837967497,-0.59923078866196,-1.90857071325418
FLK,Falkland Islands / Malvinas,1. High income: OECD,South America,South America,,,,,,,,,,,,,,,,,,
NOR,Norway,1. High income: OECD,Europe,Northern Europe,Norway,1635427.796875,130,Norway,1. High income: OECD,8182636.71709482,77657.0833333333,84,3491,1.92941892571429,3.54307423503353,84,1.92941892571429,4.89018666759003,6.91289332339294,6.21363164060564,-0.371142184431076,-1.18210064813263
GRL,Greenland,2. High income: nonOECD,North America,Northern America,,,,,,,,,,,,,,,,,,
ATF,French Southern and Antarctic Lands,2. High income: nonOECD,Seven seas (open ocean),Seven seas (open ocean),,,,,,,,,,,,,,,,,,
TLS,Timor-Leste,4. Lower middle income,Asia,South-Eastern Asia,Timor-Leste,209.454545454545,6,Timor-Leste,4. Lower middle income,558210.623235875,1952.08333333333,5,30,0.778151250383644,1.49136169383427,5,0.778151250383644,3.29072077397639,5.74679887524585,2.32315831019575,-0.0712362541073735,-0.226889924355945
ZAF,South Africa,3. Upper middle income,Africa,Southern Africa,South Africa,40787.8524590164,119,South Africa,3. Upper middle income,7253900.15055593,5884.16666666667,97,2815,1.9912260756925,3.44963265047007,97,1.9912260756925,3.76975876648085,6.86057163312192,4.61054148718208,0.326246788498074,1.03910726485036
LSO,Lesotho,4. Lower middle income,Africa,Southern Africa,Lesotho,21468.4,3,Lesotho,4. Lower middle income,55258.7418576127,1139.16666666667,3,4,0.602059991327962,0.698970004336019,3,0.602059991327962,3.05696834004091,4.74240885180604,4.33181990748561,-0.33782838945955,-1.07599506305083
MEX,Mexico,3. Upper middle income,North America,Central America,Mexico,38269.453125,241,Mexico,3. Upper middle income,42556417.7575446,9415.41666666667,195,14100,2.29225607135648,4.14924991259028,195,2.29225607135648,3.97388566734074,7.62896507372127,4.58286360433378,0.404177581631815,1.28731952672002
URY,Uruguay,3. Upper middle income,South America,South America,Uruguay,8886.890625,18,Uruguay,3. Upper middle income,1312965.47275915,12057.5,24,134,1.39794000867204,2.13033376849501,24,1.39794000867204,4.081293287718,6.11825363630913,3.94879870150761,-0.0672679522671105,-0.214250746234624
BRA,Brazil,3. Upper middle income,South America,South America,Brazil,28984.765625,148,Brazil,3. Upper middle income,477236463.358971,7814.16666666667,148,4630,2.17318626841227,3.66567478099389,148,2.17318626841227,3.89293824424156,8.67873361954329,4.46218477623763,0.0991083159970757,0.315663402033012
BOL,Bolivia,4. Lower middle income,South America,South America,Bolivia (Plurinational State of),2872.42857142857,30,Bolivia,4. Lower middle income,55753055.4941126,2307.5,27,232,1.44715803134222,2.36735592102602,27,1.44715803134222,3.36332987888716,7.74626868126532,3.45840040577806,-0.0793996314675993,-0.252890562583762
PER,Peru,3. Upper middle income,South America,South America,Peru,9415.21875,44,Peru,3. Upper middle income,75814095.5813955,4706.25,48,628,1.69019608002851,2.79865064544527,48,1.69019608002851,3.67276726411014,7.87974996418511,3.97387653913173,-0.0519430616808353,-0.165440441573711
COL,Colombia,3. Upper middle income,South America,South America,Colombia,2630.23529411765,107,Colombia,3. Upper middle income,77352153.4376862,5292.91666666667,97,9504,1.9912260756925,3.97795212120146,97,1.9912260756925,3.72377710064276,7.88847241431681,3.4201596859298,0.337145934761472,1.07382142131793
PAN,Panama,3. Upper middle income,North America,Central America,Panama,2890.55555555556,29,Panama,3. Upper middle income,4949237.97731958,9674.16666666667,27,154,1.44715803134222,2.19033169817029,27,1.44715803134222,3.98565845501293,6.69453842451745,3.46113154083447,-0.0258669193952796,-0.0823870297288531
CRI,Costa Rica,3. Upper middle income,North America,Central America,Costa Rica,3016.24137931035,63,Costa Rica,3. Upper middle income,3477590.549779,8449.58333333334,60,531,1.78532983501077,2.72591163229505,60,1.78532983501077,3.92688668879629,6.54127857188924,3.47961005512336,0.35953118097606,1.14511920197694
NIC,Nicaragua,4. Lower middle income,North America,Central America,Nicaragua,2606.50877192982,24,Nicaragua,4. Lower middle income,6696894.00455578,1592.91666666667,20,194,1.32221929473392,2.29003461136252,20,1.32221929473392,3.20246561181989,6.82587349002182,3.41622577811269,0.0531491774332916,0.169281961811802
HND,Honduras,4. Lower middle income,North America,Central America,Honduras,3473.87096774194,29,Honduras,4. Lower middle income,6534584.96510227,1814.16666666667,33,191,1.53147891704226,2.28330122870355,33,1.53147891704226,3.25891650765891,6.81521807565523,3.54093868258424,0.225021645400247,0.716701695548977
SLV,El Salvador,4. Lower middle income,North America,Central America,El Salvador,1382.63492063492,17,El Salvador,4. Lower middle income,742834.135016216,3196.66666666667,20,57,1.32221929473392,1.76342799356294,20,1.32221929473392,3.50483318975031,5.87089243704781,3.14102151434816,0.229522214261451,0.731036162475581
GTM,Guatemala,4. Lower middle income,North America,Central America,Guatemala,2058.90697674419,34,Guatemala,4. Lower middle income,6654449.98914043,3137.91666666667,36,167,1.568201724067,2.22530928172586,36,1.568201724067,3.49677978601313,6.82311223077655,3.31384760852504,0.234720123237178,0.747591681699461
BLZ,Belize,4. Lower middle income,North America,Central America,Belize,2539,15,Belize,4. Lower middle income,1616928.98236441,5383.75,12,52,1.11394335230684,1.72427586960079,12,1.11394335230684,3.73116554493375,6.20869121413575,3.40483371661994,-0.168123967277562,-0.535480629856407
VEN,Venezuela,3. Upper middle income,South America,South America,Venezuela (Bolivarian Republic of),12032.421875,31,Venezuela,3. Upper middle income,52272248.0338458,5775,39,190,1.60205999132796,2.28103336724773,39,1.60205999132796,3.76162718456158,7.71827118618874,4.08038914272747,-0.149985423468871,-0.477708742714816
GUY,Guyana,4. Lower middle income,South America,South America,Guyana,5268.52631578947,5,Guyana,4. Lower middle income,18862309.5437348,4841.25,8,15,0.954242509439325,1.20411998265592,8,0.954242509439325,3.68504720782725,7.27559489067768,3.72177157770123,-0.610269298456235,-1.94372874737049
SUR,Suriname,3. Upper middle income,South America,South America,Suriname,5715,9,Suriname,3. Upper middle income,13701540.3315971,5324.16666666667,11,17,1.07918124604762,1.25527250510331,11,1.07918124604762,3.72633320483959,7.13676942512392,3.75709222011893,-0.47315694763713,-1.5070211846915
FRA,France,1. High income: OECD,Europe,Western Europe,France,1919091.703125,486,France,1. High income: OECD,22194081.1311923,38665.8333333333,441,821180,2.64542226934909,5.91443889236609,441,2.64542226934909,4.5873386064622,7.34623718884771,6.28309595414309,0.322777223084757,1.02805657943688
ECU,Ecuador,3. Upper middle income,South America,South America,Ecuador,5288.09375,45,Ecuador,3. Upper middle income,17388124.2071646,4447.08333333333,37,1354,1.57978359661681,3.13193929521042,37,1.57978359661681,3.64817291501011,7.24025275876661,3.72338126502368,0.0333481232474412,0.106214921823655
PRI,Puerto Rico,2. High income: nonOECD,North America,Caribbean,,,,,,,,,,,,,,,,,,
JAM,Jamaica,3. Upper middle income,North America,Caribbean,Jamaica,9550.40625,16,Jamaica,3. Upper middle income,671235.252942225,4757.91666666667,17,132,1.25527250510331,2.12385164096709,17,1.25527250510331,3.67750809993982,5.82687540435756,3.98006731730673,-0.0357054050737709,-0.113722945679814
CUB,Cuba,3. Upper middle income,North America,Caribbean,Cuba,6604.18,25,Cuba,3. Upper middle income,3153794.37845776,5444.5,25,100,1.41497334797082,2.00432137378264,25,1.41497334797082,3.73603776237858,6.49883351242679,3.81988465721801,-0.0110241274208593,-0.0351122257613229
ZWE,Zimbabwe,5. Low income,Africa,Eastern Africa,Zimbabwe,2818.66666666667,23,Zimbabwe,5. Low income,4073994.98939004,1111.25,23,284,1.38021124171161,2.45484486000851,23,1.38021124171161,3.04620241442008,6.61002059712693,3.45019777023999,0.197218801512733,0.62814867959435
BWA,Botswana,3. Upper middle income,Africa,Southern Africa,Botswana,31610.4375,24,Botswana,3. Upper middle income,1301714.00909081,5773.75,21,179,1.34242268082221,2.25527250510331,21,1.34242268082221,3.76153318753031,6.1145159123988,4.49984424541639,-0.134405933047784,-0.428087528805722
NAM,Namibia,3. Upper middle income,Africa,Southern Africa,Namibia,12399.16,12,Namibia,3. Upper middle income,872304.652761356,4135,11,177,1.07918124604762,2.25042000230889,11,1.07918124604762,3.61658053008589,5.94066868682308,4.09342728892585,-0.240896763741707,-0.767264494572723
SEN,Senegal,4. Lower middle income,Africa,Western Africa,Senegal,18183.746031746,15,Senegal,4. Lower middle income,936267.719840993,1195,13,53,1.14612803567824,1.73239375982297,13,1.14612803567824,3.07773117965239,5.97140051411726,4.25970724007418,-0.0576981427695188,-0.183770573179249
MLI,Mali,5. Low income,Africa,Western Africa,Mali,946.133333333333,9,Mali,5. Low income,1919149.84715745,733.333333333333,10,59,1.04139268515822,1.77815125038364,10,1.04139268515822,2.86589324243111,6.28310911205354,2.97641112140544,0.0718405644823363,0.228814673726626
MRT,Mauritania,5. Low income,Africa,Western Africa,Mauritania,7026.87096774194,3,Mauritania,5. Low income,4101.95269516997,1435,4,33,0.698970004336019,1.53147891704226,4,0.698970004336019,3.15715443990628,3.61309650981481,3.84682377921596,0.0715700252520955,0.227952996954682
BEN,Benin,5. Low income,Africa,Western Africa,Benin,11802.75,58,Benin,5. Low income,1628970.17971197,969.583333333333,59,3844,1.77815125038364,3.58489634413745,59,1.77815125038364,2.98703282942362,6.21191340069723,4.07202000269422,0.582627134146703,1.85568750140926
NER,Niger,5. Low income,Africa,Western Africa,Niger,599.347826086957,15,Niger,5. Low income,109366.593506794,462.5,15,63,1.20411998265592,1.80617997398389,15,1.20411998265592,2.66604973848052,5.03888865612826,2.77840294235354,0.604234709047278,1.92450837213215
NGA,Nigeria,4. Lower middle income,Africa,Western Africa,Nigeria,3876.72340425532,28,Nigeria,4. Lower middle income,11584260.9268965,2376.875,29,236,1.47712125471966,2.3747483460101,29,1.47712125471966,3.37618902091468,7.06386836861479,3.58857682787582,0.073096606133678,0.23281520967327
CMR,Cameroon,4. Lower middle income,Africa,Middle Africa,Cameroon,1344.51612903226,22,Cameroon,4. Lower middle income,24950163.0952043,1327.5,23,112,1.38021124171161,2.05307844348342,23,1.38021124171161,3.1233615587463,7.39707340628836,3.12888890812558,0.0618630414444652,0.197035918994379
TGO,Togo,5. Low income,Africa,Western Africa,Togo,1237.24444444444,31,Togo,5. Low income,999029.670257554,717.5,24,107,1.39794000867204,2.03342375548695,24,1.39794000867204,2.85642677247024,5.99957882127819,3.09280638813639,0.471772777504583,1.5026125551165
GHA,Ghana,4. Lower middle income,Africa,Western Africa,Ghana,12848.4838709677,20,Ghana,4. Lower middle income,6041721.18964178,1342.91666666667,22,177,1.36172783601759,2.25042000230889,22,1.36172783601759,3.12837233990168,6.78116075167552,4.1088856835823,-0.00707979569388252,-0.0225493932769028
CIV,Côte d'Ivoire,4. Lower middle income,Africa,Western Africa,Côte d'Ivoire,4763.91304347826,44,Côte d'Ivoire,4. Lower middle income,11182895.7479773,1381.25,44,194,1.65321251377534,2.29003461136252,44,1.65321251377534,3.14058659861077,7.04855431506295,3.67805497945868,0.303201806598874,0.965708203299306
GIN,Guinea,5. Low income,Africa,Western Africa,Guinea,359.142857142857,4,Guinea,5. Low income,6532713.99816574,742.916666666667,6,9,0.845098040014257,1,6,0.845098040014257,2.87152428872624,6.81509371169909,2.55647480566219,-0.164303487269554,-0.523312269365222
GNB,Guinea-Bissau,5. Low income,Africa,Western Africa,Guinea-Bissau,14.3870967741935,5,Guinea-Bissau,5. Low income,812482.210351879,625.416666666667,5,6,0.778151250383644,0.845098040014257,5,0.778151250383644,2.79686330419847,5.90981439521784,1.18715668520584,0.248911253858095,0.792790921797798
LBR,Liberia,5. Low income,Africa,Western Africa,Liberia,938.645161290323,4,Liberia,5. Low income,6555289.5083401,459.166666666667,4,8,0.698970004336019,0.954242509439325,4,0.698970004336019,2.66291515625562,6.81659194291754,2.97296388169842,-0.329649523399742,-1.04994509278105
SLE,Sierra Leone,5. Low income,Africa,Western Africa,Sierra Leone,344.129032258065,1,Sierra Leone,5. Low income,3374908.25822756,670.416666666667,1,3,0.301029995663981,0.602059991327962,1,0.301029995663981,2.82699211759642,6.52826210037272,2.53798149368483,-0.628722540396192,-2.00250295890565
BFA,Burkina Faso,5. Low income,Africa,Western Africa,Burkina Faso,552,9,Burkina Faso,5. Low income,896841.134968089,592.916666666667,10,42,1.04139268515822,1.63346845557959,10,1.04139268515822,2.77372551274933,5.95271600386242,2.7427251313047,0.215425366282445,0.686137215841007
CAF,Central African Republic,5. Low income,Africa,Middle Africa,Central African Republic,20.84375,6,Central African Republic,5. Low income,30526619.6856847,401.666666666667,6,132,0.845098040014257,2.12385164096709,6,0.845098040014257,2.60494567956545,7.48467873031275,1.33932719742578,-0.00592666319620086,-0.0188766265312369
COG,Republic of the Congo,4. Lower middle income,Africa,Middle Africa,Congo,206.967741935484,6,Republic of the Congo,4. Lower middle income,24355026.991186,2004.16666666667,8,44,0.954242509439325,1.65321251377534,8,0.954242509439325,3.30215047641027,7.38658863304187,2.31799597637683,-0.259843053006356,-0.827609078828974
GAB,Gabon,3. Upper middle income,Africa,Middle Africa,Gabon,254.818181818182,9,Gabon,3. Upper middle income,22281356.619388,6377.08333333333,13,455,1.14612803567824,2.65896484266444,13,1.14612803567824,3.80469018925162,7.34794164918777,2.4079314079405,-0.220456449962576,-0.702161390749093
GNQ,Equatorial Guinea,2. High income: nonOECD,Africa,Middle Africa,Equatorial Guinea,29.1935483870968,2,Equatorial Guinea,2. High income: nonOECD,2148926.82074017,6040.83333333333,2,6,0.477121254719662,0.845098040014257,2,0.477121254719662,3.78116874089556,6.33222182843668,1.47991415490383,-0.482923522474483,-1.53812806213516
ZMB,Zambia,4. Lower middle income,Africa,Eastern Africa,Zambia,5519.43859649123,22,Zambia,4. Lower middle income,19727956.098272,1077.08333333333,24,112,1.39794000867204,2.05307844348342,24,1.39794000867204,3.03265233210122,7.29508211480701,3.74197358361125,0.0123091873626306,0.0392051859630467
MWI,Malawi,5. Low income,Africa,Eastern Africa,Malawi,1352.2,14,Malawi,5. Low income,1906871.52949887,497.916666666667,17,83,1.25527250510331,1.92427928606188,17,1.25527250510331,2.69802801209806,6.28032166232469,3.13136198911594,0.305180426586934,0.972010176150706
MOZ,Mozambique,5. Low income,Africa,Eastern Africa,Mozambique,29180.8064516129,16,Mozambique,5. Low income,22940605.2206708,497.916666666667,22,137,1.36172783601759,2.13987908640124,22,1.36172783601759,2.69802801209806,7.36060489023541,4.46511217267341,-0.0790814846556199,-0.251877254023275
SWZ,Kingdom of eSwatini,4. Lower middle income,Africa,Southern Africa,Eswatini,24076.6388888889,9,Kingdom of eSwatini,4. Lower middle income,460287.367751046,3100,8,81,0.954242509439325,1.91381385238372,8,0.954242509439325,3.49150176623733,5.66302999969222,4.38161389671359,-0.32306808957279,-1.02898299922543
AGO,Angola,3. Upper middle income,Africa,Middle Africa,Angola,1161.17142857143,3,Angola,3. Upper middle income,38815112.3857932,2655.41666666667,6,9,0.845098040014257,1,6,0.845098040014257,3.42429619638937,7.58900085915208,3.06527019431193,-0.589908421426734,-1.87887865233207
BDI,Burundi,5. Low income,Africa,Eastern Africa,Burundi,343.285714285714,6,Burundi,5. Low income,573868.312215195,202.916666666667,6,13,0.845098040014257,1.14612803567824,6,0.845098040014257,2.30945272330416,5.75881300137713,2.53691900256061,0.233945069600858,0.74512310915701
ISR,Israel,1. High income: OECD,Asia,Western Asia,Israel,112789.109375,54,Israel,1. High income: OECD,23677.7463232349,33327.9166666667,66,3583,1.82607480270083,3.55436800099009,66,1.82607480270083,4.52282119744886,4.37435870483659,5.05227101780167,0.411242437528607,1.30982133622832
LBN,Lebanon,3. Upper middle income,Asia,Western Asia,Lebanon,21789.671875,5,Lebanon,3. Upper middle income,54306.2680638914,6082.08333333333,7,15,0.903089986991944,1.20411998265592,7,0.903089986991944,3.78412376598765,4.73485795608633,4.33827062111852,-0.244782141987574,-0.779639558188085
MDG,Madagascar,5. Low income,Africa,Eastern Africa,Madagascar,2047.8,17,Madagascar,5. Low income,15011691.8053674,416.666666666667,21,244,1.34242268082221,2.38916608436453,21,1.34242268082221,2.62082981627449,7.1764296685642,3.31149956546037,0.182385476429254,0.580904028000725
PSE,Palestine,4. Lower middle income,Asia,Western Asia,Palestine,850.636363636364,13,Palestine,4. Lower middle income,254.082933408909,2883.75,16,120,1.23044892137827,2.08278537031645,16,1.23044892137827,3.46010818202382,2.40668140265416,2.93025419690608,0.955988274244492,3.04485559981252
GMB,The Gambia,5. Low income,Africa,Western Africa,Gambia,243.257142857143,8,The Gambia,5. Low income,124149.759562976,645,11,83,1.07918124604762,1.92427928606188,11,1.07918124604762,2.81023251799508,5.09394938094254,2.38784727273097,0.499582325675228,1.59118692444396
TUN,Tunisia,3. Upper middle income,Africa,Northern Africa,Tunisia,30910.53125,7,Tunisia,3. Upper middle income,210678.466017495,3517.08333333333,4,6,0.698970004336019,0.845098040014257,4,0.698970004336019,3.54630612243759,5.32362220893573,4.49012051903787,-0.539539100080746,-1.71845062796086
DZA,Algeria,3. Upper middle income,Africa,Northern Africa,Algeria,62145.421875,28,Algeria,3. Upper middle income,894768.183292135,4060,32,127,1.51851393987789,2.10720996964787,32,1.51851393987789,3.60863298949004,5.95171101816415,4.79341612887988,0.0660316456802164,0.210313067148377
JOR,Jordan,3. Upper middle income,Asia,Western Asia,Jordan,5672.84090909091,11,Jordan,3. Upper middle income,2190.07366768017,3261.25,7,10,0.903089986991944,1.04139268515822,7,0.903089986991944,3.51351723980056,3.34065697953658,3.75387715428807,0.251310407222003,0.800432307944166
ARE,United Arab Emirates,2. High income: nonOECD,Asia,Western Asia,,,,,,,,,,,,,,,,,,
QAT,Qatar,2. High income: nonOECD,Asia,Western Asia,,,,,,,,,,,,,,,,,,
KWT,Kuwait,2. High income: nonOECD,Asia,Western Asia,,,,,,,,,,,,,,,,,,
IRQ,Iraq,4. Lower middle income,Asia,Western Asia,Iraq,8843.08571428572,10,Iraq,4. Lower middle income,22233.0450174457,3930,12,28,1.11394335230684,1.46239799789896,12,1.11394335230684,3.59450304382009,4.34701848064529,3.94665294298186,0.180122473211442,0.57369628476183
OMN,Oman,2. High income: nonOECD,Asia,Western Asia,Oman,20974.6136363636,8,Oman,2. High income: nonOECD,2278.29081197855,17095.4166666667,11,17,1.07918124604762,1.25527250510331,11,1.07918124604762,4.2329050937272,3.3577997398272,4.32171467486371,0.110129794261539,0.350767190139916
VUT,Vanuatu,4. Lower middle income,Oceania,Melanesia,Vanuatu,260.935483870968,12,Vanuatu,4. Lower middle income,488342.185690196,2605,5,10,0.778151250383644,1.04139268515822,5,0.778151250383644,3.41597441137657,5.68872513197946,2.4181943354069,-0.112259102222078,-0.357549109376839
KHM,Cambodia,5. Low income,Asia,South-Eastern Asia,Cambodia,7922.08,26,Cambodia,5. Low income,7237549.10089898,1174.58333333333,22,2740,1.36172783601759,3.4379090355395,22,1.36172783601759,3.07025342029554,6.85959158308695,3.89889404105635,0.0319178453920268,0.101659437562315
THA,Thailand,3. Upper middle income,Asia,South-Eastern Asia,Thailand,342499.078125,59,Thailand,3. Upper middle income,15191215.7135199,4692.08333333333,55,1318,1.7481880270062,3.12024479554637,55,1.7481880270062,3.67145826588637,7.18159255930098,5.53466067489196,-0.134145205856896,-0.427257103717271
LAO,Lao PDR,4. Lower middle income,Asia,South-Eastern Asia,Lao People's Democratic Republic,210.870967741936,24,Lao PDR,4. Lower middle income,15764146.7054845,1346.25,20,63,1.32221929473392,1.80617997398389,20,1.32221929473392,3.12944819226806,7.19767049542576,2.32607145027711,0.197863290086353,0.630201397912421
MMR,Myanmar,5. Low income,Asia,South-Eastern Asia,Myanmar,97.8387096774194,28,Myanmar,5. Low income,34033237.0119715,837.916666666667,28,92,1.46239799789896,1.96848294855394,28,1.46239799789896,2.92371882256376,7.53190327098333,1.99492706712629,0.385706515053936,1.2284885430988
VNM,Vietnam,4. Lower middle income,Asia,South-Eastern Asia,Viet Nam,590462.578947369,43,Vietnam,4. Lower middle income,13711141.4044574,1886.66666666667,44,432,1.65321251377534,2.63648789635337,44,1.65321251377534,3.27592530690687,7.13707364146219,5.77119311456596,-0.150591029103785,-0.47963761753308
PRK,Dem. Rep. Korea,5. Low income,Asia,Eastern Asia,,,,,,,,,,,,,,,,,,
KOR,Republic of Korea,1. High income: OECD,Asia,Eastern Asia,Republic of Korea,5475265.828125,112,Republic of Korea,1. High income: OECD,3510965.5064935,26082.0833333333,98,3690,1.99563519459755,3.56714404519566,98,1.99563519459755,4.41635892891196,6.54542668645355,6.73840528865528,-0.187036026432134,-0.595716190032387
MNG,Mongolia,4. Lower middle income,Asia,Eastern Asia,Mongolia,3458.29032258065,6,Mongolia,4. Lower middle income,2634868.34540201,2540.41666666667,2,3,0.477121254719662,0.602059991327962,2,0.477121254719662,3.40507587370814,6.42075908483215,3.53898701191425,-0.78368654123733,-2.49606864212847
IND,India,4. Lower middle income,Asia,Southern Asia,India,1943795.0625,138,India,4. Lower middle income,29187750.4251607,1339.16666666667,125,4787,2.10037054511756,3.68015414173437,125,2.10037054511756,3.12715881173244,7.46520063896679,6.28865069805068,0.168934890905887,0.538063449559587
BGD,Bangladesh,5. Low income,Asia,Southern Asia,Bangladesh,48302.2,30,Bangladesh,5. Low income,1442641.50974212,1208.33333333333,24,8168,1.39794000867204,3.91216889605963,24,1.39794000867204,3.0825460236684,6.15915872521605,4.68397590293178,0.0710858112994686,0.226410758828039
BTN,Bhutan,4. Lower middle income,Asia,Southern Asia,Bhutan,109.685714285714,11,Bhutan,4. Lower middle income,2002878.2833172,2245,12,27,1.11394335230684,1.44715803134222,12,1.11394335230684,3.35140975192544,6.30165477447126,2.04409157203282,0.17725677220801,0.564568928304888
NPL,Nepal,5. Low income,Asia,Southern Asia,Nepal,602.78125,27,Nepal,5. Low income,3792497.48627732,709.583333333333,21,100,1.34242268082221,2.00432137378264,21,1.34242268082221,2.85161501693568,6.57892541611624,2.78087962218828,0.348527110749642,1.11007085907114
PAK,Pakistan,4. Lower middle income,Asia,Southern Asia,Pakistan,126386.328125,27,Pakistan,4. Lower middle income,836653.772467461,1090.41666666667,24,168,1.39794000867204,2.22788670461367,24,1.39794000867204,3.03799058146664,5.92254629271142,5.10170353279711,0.0572319915215422,0.182285865389415
AFG,Afghanistan,5. Low income,Asia,Southern Asia,Afghanistan,2200.15217391304,8,Afghanistan,5. Low income,167938.679486133,437.272727272727,9,36,1,1.568201724067,9,1,2.64174444632478,5.22515331999702,3.34265006799915,0.259319106095894,0.825940289862304
TJK,Tajikistan,5. Low income,Asia,Central Asia,Tajikistan,5711.55172413793,7,Tajikistan,5. Low income,77105.4819860561,826.666666666667,7,14,0.903089986991944,1.17609125905568,7,0.903089986991944,2.9178554648349,4.88709088871823,3.75683014540281,0.0797294255676355,0.253940968158113
KGZ,Kyrgyzstan,5. Low income,Asia,Central Asia,Kyrgyzstan,13730.6875,9,Kyrgyzstan,5. Low income,525854.927397876,898.75,6,18,0.845098040014257,1.27875360095283,6,0.845098040014257,2.95412185532495,5.72086677360871,4.13772391137402,-0.244882809799836,-0.779960188639469
TKM,Turkmenistan,3. Upper middle income,Asia,Central Asia,Turkmenistan,2973.29032258065,0,Turkmenistan,3. Upper middle income,12042.5040350684,4012.91666666667,,,,,0,0,3.60356835181302,4.08075286247772,3.47338335804636,-0.788163935955868,-2.51032929861203
IRN,Iran,3. Upper middle income,Asia,Southern Asia,Iran (Islamic Republic of),29251.2203389831,44,Iran,3. Upper middle income,1367296.66311738,4513.75,23,64,1.38021124171161,1.81291335664286,23,1.38021124171161,3.65463370667023,6.13586307153695,4.46615883603773,-0.0643293244056048,-0.204891115221427
SYR,Syria,4. Lower middle income,Asia,Western Asia,Syrian Arab Republic,19737.03125,18,Syria,4. Lower middle income,59375.0033555735,1299.5652173913,18,80,1.27875360095283,1.90848501887865,18,1.27875360095283,3.11413213495789,4.77361096154841,4.2953038322292,0.32248252122232,1.02711794384867
ARM,Armenia,4. Lower middle income,Asia,Western Asia,Armenia,1114.74074074074,10,Armenia,4. Lower middle income,291913.534060907,3191.66666666667,9,112,1,2.05307844348342,9,1,3.50415357798693,5.46525571850742,3.04756329142394,0.0148004613439552,0.0471399794506532
SWE,Sweden,1. High income: OECD,Europe,Northern Europe,Sweden,5098893.984375,259,Sweden,1. High income: OECD,20561906.7336427,50906.6666666667,209,31941,2.32221929473392,4.50436210534569,209,2.32221929473392,4.70678319177287,7.3130634060313,6.70747606743401,-0.10750616298482,-0.342410834105031
BLR,Belarus,3. Upper middle income,Europe,Eastern Europe,Belarus,50280.1290322581,50,Belarus,3. Upper middle income,7387600.71022555,5071.66666666667,30,274,1.49136169383427,2.43933269383026,30,1.49136169383427,3.70523632504487,6.86850347316317,4.70140502094261,-0.174041610296996,-0.554328526813779
UKR,Ukraine,4. Lower middle income,Europe,Eastern Europe,Ukraine,84723,131,Ukraine,4. Lower middle income,8976511.87028373,2641.25,102,1886,2.01283722470517,3.27577190016493,102,2.01283722470517,3.42197390657294,6.95310765790173,4.92800645154843,0.367121755081312,1.16929544209708
POL,Poland,1. High income: OECD,Europe,Eastern Europe,Poland,860701.484375,146,Poland,1. High income: OECD,8134048.40945882,11780.4166666667,96,2427,1.98677173426624,3.38524868240322,96,1.98677173426624,4.07119751570778,6.9103068061544,5.93485305653694,-0.0257935368265859,-0.0821533037185712
AUT,Austria,1. High income: OECD,Europe,Western Europe,Austria,5206343.390625,439,Austria,1. High income: OECD,3818317.53714852,44250.4166666667,400,45069,2.60314437262018,4.65388755807098,400,2.60314437262018,4.64592717877775,6.5818721558951,6.71653289254793,0.350746682628685,1.11714027199928
HUN,Hungary,1. High income: OECD,Europe,Eastern Europe,Hungary,823947.1875,166,Hungary,1. High income: OECD,1708808.66085916,12588.3333333333,147,4791,2.17026171539496,3.68051680938126,147,2.17026171539496,4.10000273270354,6.23269369066562,5.91589990272828,0.302774235317232,0.964346374031835
MDA,Moldova,4. Lower middle income,Europe,Eastern Europe,Republic of Moldova,24020.4838709677,5,Moldova,4. Lower middle income,304006.828893899,2749.16666666667,8,23,0.954242509439325,1.38021124171161,8,0.954242509439325,3.43935901391038,5.48288476782467,4.38059983142111,-0.268117683309112,-0.853964061512873
ROU,Romania,3. Upper middle income,Europe,Eastern Europe,Romania,377793.492063492,64,Romania,3. Upper middle income,6950161.71527849,8430.41666666667,65,1411,1.81954393554187,3.14983469671579,65,1.81954393554187,3.92590055194683,6.84199497229088,5.57725562197155,-0.0687185808882321,-0.218871048386092
LTU,Lithuania,3. Upper middle income,Europe,Northern Europe,Lithuania,200176.060606061,54,Lithuania,3. Upper middle income,1871879.06954644,13231.25,38,1429,1.5910646070265,3.15533603746506,38,1.5910646070265,4.1216336975134,6.27227802025535,5.3014143077936,-0.175282732385768,-0.558281543439463
LVA,Latvia,3. Upper middle income,Europe,Northern Europe,Latvia,769659.333333333,30,Latvia,3. Upper middle income,2726168.63207488,12301.25,11,94,1.07918124604762,1.97772360528885,11,1.07918124604762,4.0899845482866,6.43555287570336,5.88629910451665,-0.824674725057735,-2.62661742017738
EST,Estonia,1. High income: OECD,Europe,Northern Europe,Estonia,531150.4375,97,Estonia,1. High income: OECD,2013905.78148514,15949.5833333333,50,707,1.70757017609794,2.85003325768977,50,1.70757017609794,4.20277657039102,6.30403936431911,5.72521836118322,-0.169120640219211,-0.538655067524026
DEU,Germany,1. High income: OECD,Europe,Western Europe,Germany,4306291.578125,448,Germany,1. High income: OECD,10344866.0118895,42698.75,401,59198,2.60422605308447,4.77231437060552,401,2.60422605308447,4.63042533230984,7.01472491197867,6.63410353332504,0.276183027856134,0.879652461852118
BGR,Bulgaria,3. Upper middle income,Europe,Eastern Europe,Bulgaria,160064.825396825,64,Bulgaria,3. Upper middle income,3491645.61347914,6870.41666666667,61,384,1.79239168949825,2.5854607295085,61,1.79239168949825,3.83704628394298,6.5430302826904,5.2042986184536,0.0661295499832331,0.210624895727573
GRC,Greece,1. High income: OECD,Europe,Southern Europe,Greece,189620.78125,121,Greece,1. High income: OECD,2666548.62853913,20817.0833333333,112,956,2.05307844348342,2.98091193777684,112,2.05307844348342,4.31844074265415,6.42594967097412,5.27788822189115,0.200800573033304,0.639556745326408
TUR,Turkey,3. Upper middle income,Asia,Western Asia,Türkiye,544973.484375,62,Turkey,3. Upper middle income,8130906.87193309,9156.25,60,242,1.78532983501077,2.38560627359831,60,1.78532983501077,3.96176507092353,6.91013904027522,5.73637616914903,-0.158334053591068,-0.504299417373902
ALB,Albania,4. Lower middle income,Europe,Southern Europe,Albania,8172.35483870968,16,Albania,4. Lower middle income,555731.530254337,4297.5,19,163,1.30102999566398,2.2148438480477,19,1.30102999566398,3.63331693107427,5.74486581930915,3.912400353825,0.0536271143592703,0.170804207392245
HRV,Croatia,2. High income: nonOECD,Europe,Southern Europe,Croatia,94051.0606060606,110,Croatia,2. High income: nonOECD,2063643.08318003,12740.4166666667,91,1871,1.96378782734556,3.27230584440209,91,1.96378782734556,4.10521771813364,6.31463479661809,4.97336831503832,0.254759574980984,0.811418026125621
CHE,Switzerland,1. High income: OECD,Europe,Western Europe,Switzerland,350075.46875,240,Switzerland,1. High income: OECD,1541202.77082627,73435,170,29082,2.23299611039215,4.46363920329584,170,2.23299611039215,4.86590901316543,6.18786006292015,5.54416291957542,0.226104078253473,0.720149281490522
LUX,Luxembourg,1. High income: OECD,Europe,Western Europe,Luxembourg,768117.64,77,Luxembourg,1. High income: OECD,84739.0543203871,73652.5,81,2842,1.91381385238372,3.45377685969044,81,1.91381385238372,4.86719338925836,4.92808873805814,5.88542830429974,0.120493938073161,0.383777345360721
BEL,Belgium,1. High income: OECD,Europe,Western Europe,Belgium,3901752.96,202,Belgium,1. High income: OECD,675305.31875476,42417.0833333333,177,225569,2.25042000230889,5.35328133954529,177,2.25042000230889,4.62755104097067,5.82950081337706,6.59125987982444,0.193231993114007,0.61545055744653
NLD,Netherlands,1. High income: OECD,Europe,Western Europe,Netherlands (Kingdom of the),581599.046875,216,Netherlands,1. High income: OECD,471322.395729685,47430,178,129483,2.25285303097989,5.11221610709673,178,2.25285303097989,4.67606228109091,5.6733189979691,5.76462443285365,0.372444253729524,1.18624778372157
PRT,Portugal,1. High income: OECD,Europe,Southern Europe,Portugal,961080.203125,127,Portugal,1. High income: OECD,1729255.56773118,20132.5,112,12359,2.05307844348342,4.0920184707528,112,2.05307844348342,4.30391927903959,6.23785943380799,5.98276008338053,0.113366883462096,0.361077430803902
ESP,Spain,1. High income: OECD,Europe,Southern Europe,Spain,1574297.4375,374,Spain,1. High income: OECD,8531490.00207968,27274.5833333333,346,608364,2.54032947479087,5.78416422059446,346,2.54032947479087,4.43577404746345,6.93102493707484,6.1970870644104,0.369140933239097,1.17572659411681
IRL,Ireland,1. High income: OECD,Europe,Northern Europe,Ireland,111414.265625,63,Ireland,1. High income: OECD,590223.895505022,49051.25,49,353,1.69897000433602,2.54900326202579,49,1.69897000433602,4.69065893302429,5.7710175239583,5.04694470001624,-0.0716302065027651,-0.228144676312099
NCL,New Caledonia,2. High income: nonOECD,Oceania,Melanesia,New Caledonia,1183.2,22,New Caledonia,2. High income: nonOECD,880511.363070136,31960,24,134,1.39794000867204,2.13033376849501,24,1.39794000867204,4.50462035911779,5.94473545817433,3.07342505674598,0.0151120353459758,0.0481323533849026
SLB,Solomon Islands,4. Lower middle income,Oceania,Melanesia,Solomon Islands,86.3,7,Solomon Islands,4. Lower middle income,1605437.68351507,1617.08333333333,1,1,0.301029995663981,0.301029995663981,1,0.301029995663981,3.20900088456603,6.20559372321951,1.94101424370557,-0.554133026228865,-1.76493278569492
NZL,New Zealand,1. High income: OECD,Oceania,Australia and New Zealand,New Zealand,7060.578125,178,New Zealand,1. High income: OECD,9105427.23805667,32877.0833333333,110,9831,2.04532297878666,3.9926418698784,110,2.04532297878666,4.51690649189662,6.95930037594658,3.84890176824586,0.288249039970212,0.918083126267945
AUS,Australia,1. High income: OECD,Oceania,Australia and New Zealand,Australia,33033.234375,376,Australia,1. High income: OECD,35049824.5428602,45793.3333333333,334,291528,2.52504480703685,5.46468176291503,334,2.52504480703685,4.66081174100994,7.54468586064899,4.51896424574201,0.470761693695236,1.49939221833863
LKA,Sri Lanka,4. Lower middle income,Asia,Southern Asia,Sri Lanka,2149.73333333333,47,Sri Lanka,4. Lower middle income,3120756.28214832,2660.41666666667,45,508,1.66275783168157,2.70671778233676,45,1.66275783168157,3.42511287224711,6.49425999259269,3.33258656610981,0.41895592256047,1.33438905188561
CHN,China,3. Upper middle income,Asia,Eastern Asia,China,20057433,253,China,3. Upper middle income,118790828.492259,6024.58333333333,243,11624,2.38738982633873,4.06539296156199,243,2.38738982633873,3.77999909708667,8.07478291493277,7.30227537180895,-0.0573909204736279,-0.182792059578996
CHN,China,3. Upper middle income,Asia,Eastern Asia,"China, mainland",17395927.65625,253,China,3. Upper middle income,118790828.492259,6024.58333333333,243,11624,2.38738982633873,4.06539296156199,243,2.38738982633873,3.77999909708667,8.07478291493277,7.24044761787922,-0.0457104107205225,-0.145589233468483
TWN,Taiwan,2. High income: nonOECD,Asia,Eastern Asia,,,,,,,,,,,,,,,,,,
ITA,Italy,1. High income: OECD,Europe,Southern Europe,Italy,4154921.4375,369,Italy,1. High income: OECD,7921224.10648818,32945,325,16019,2.51321760006794,4.20466251174822,325,2.51321760006794,4.51780269409302,6.89879235530681,6.61856292095282,0.246014320424787,0.783564088975331
DNK,Denmark,1. High income: OECD,Europe,Northern Europe,Denmark,358969.4375,178,Denmark,1. High income: OECD,422631.701528289,55835.8333333333,145,2975,2.16435285578444,3.47363292687384,145,2.16435285578444,4.74692078023014,5.62596309788388,5.55505868434637,0.313689955491176,0.999113318975681
GBR,United Kingdom,1. High income: OECD,Europe,Northern Europe,United Kingdom of Great Britain and Northern Ireland,592909.515625,355,United Kingdom,1. High income: OECD,2670942.73852955,41656.6666666667,312,89295,2.49554433754645,4.95083200517259,312,2.49554433754645,4.61969494054762,6.42666474002306,5.7729891528874,0.463221546937482,1.47537659105816
ISL,Iceland,1. High income: OECD,Europe,Northern Europe,,,,,,,,,,,,,,,,,,
AZE,Azerbaijan,3. Upper middle income,Asia,Western Asia,Azerbaijan,4188.03333333333,4,Azerbaijan,3. Upper middle income,1090436.94129562,4036.66666666667,4,5,0.698970004336019,0.778151250383644,4,0.698970004336019,3.60613046250194,6.03760095416984,3.62211381618006,-0.550494188881892,-1.75334296333911
GEO,Georgia,4. Lower middle income,Asia,Western Asia,Georgia,14253.5333333333,28,Georgia,4. Lower middle income,2522485.88815338,3351.25,23,134,1.38021124171161,2.13033376849501,23,1.38021124171161,3.52533639944864,6.40182891745902,4.15395300389201,-0.0270642354699898,-0.0862005226900592
PHL,Philippines,4. Lower middle income,Asia,South-Eastern Asia,Philippines,171845.035087719,35,Philippines,4. Lower middle income,13557817.2334612,2538.33333333333,39,829,1.60205999132796,2.91907809237607,39,1.60205999132796,3.40471971360527,7.13218980712661,5.23513951634296,-0.136310861923961,-0.434154792926147
MYS,Malaysia,3. Upper middle income,Asia,South-Eastern Asia,Malaysia,127795.935483871,60,Malaysia,3. Upper middle income,26949514.0740332,8137.91666666667,62,1815,1.79934054945358,3.25911584418507,62,1.79934054945358,3.91056660181802,7.43055095495629,5.10652043975038,-0.125667376637959,-0.400254925482462
BRN,Brunei Darussalam,2. High income: nonOECD,Asia,South-Eastern Asia,Brunei Darussalam,509.885714285714,7,Brunei Darussalam,2. High income: nonOECD,717029.700205709,31191.25,7,12,0.903089986991944,1.11394335230684,7,0.903089986991944,4.49404670298223,5.85553775070894,2.70832375883097,-0.388019238803587,-1.23585464794512
SVN,Slovenia,1. High income: OECD,Europe,Southern Europe,Slovenia,351176.303030303,162,Slovenia,1. High income: OECD,1111126.88179561,21575.8333333333,131,104386,2.12057393120585,5.01864641648419,131,2.12057393120585,4.33398770694684,6.04576404558537,5.54552643921804,0.297299224556616,0.94690827607329
FIN,Finland,1. High income: OECD,Europe,Northern Europe,Finland,5768354.015625,312,Finland,1. High income: OECD,15794076.413424,44224.5833333333,265,18223,2.42488163663107,4.26064370673503,265,2.42488163663107,4.64567356994303,7.19849426234239,6.76105198135462,0.0278712679139623,0.088770948836972
SVK,Slovakia,1. High income: OECD,Europe,Eastern Europe,Slovakia,654882.4375,116,Slovakia,1. High income: OECD,2059737.30550373,15438.3333333333,100,36507,2.00432137378264,4.56238804185811,100,2.00432137378264,4.18862854367424,6.3138120457598,5.81616400693008,0.112344736416269,0.35782185723656
CZE,Czech Republic,1. High income: OECD,Europe,Eastern Europe,Czechia,1170881.125,135,Czech Republic,1. High income: OECD,2598149.37461226,17320.8333333333,101,2202,2.00860017176192,3.34301449715077,101,2.00860017176192,4.23859385560359,6.41466428337072,6.06851317599568,0.0323389286022665,0.103000602098772
ERI,Eritrea,5. Low income,Africa,Eastern Africa,Eritrea,1002.90476190476,1,Eritrea,5. Low income,13744.3147943823,421.666666666667,1,2,0.301029995663981,0.477121254719662,1,0.301029995663981,2.62599799882605,4.13815469047979,3.00169251426209,-0.130494484447707,-0.415629430213733
JPN,Japan,1. High income: OECD,Asia,Eastern Asia,Japan,19965237.75,156,Japan,1. High income: OECD,22326996.3608061,41079.5833333333,130,16400,2.11727129565576,4.21487032861122,130,2.11727129565576,4.61363660183491,7.3488303210421,7.30027450797827,-0.405650513385625,-1.29201086511774
PRY,Paraguay,4. Lower middle income,South America,South America,Paraguay,722.612903225807,17,Paraguay,4. Lower middle income,16211505.7824741,4174.58333333333,24,161,1.39794000867204,2.20951501454263,24,1.39794000867204,3.62071715544863,7.20982338233167,2.85950630245229,0.0293028925825955,0.0933307227448292
YEM,Yemen,4. Lower middle income,Asia,Western Asia,Yemen,2541.15094339623,1,Yemen,4. Lower middle income,15590.7823581394,810,1,10,0.301029995663981,1.04139268515822,1,0.301029995663981,2.90902085421116,4.19289576394186,3.40520133376238,-0.299949788834789,-0.955350414645999
SAU,Saudi Arabia,2. High income: nonOECD,Asia,Western Asia,Saudi Arabia,51863.0175438597,7,Saudi Arabia,2. High income: nonOECD,623.354249549099,22244.5833333333,5,5,0.778151250383644,0.778151250383644,5,0.778151250383644,4.34724379849162,2.79543107200677,4.71486615550215,-0.173664115655308,-0.553126193370356
ATA,Antarctica,2. High income: nonOECD,Antarctica,Antarctica,,,,,,,,,,,,,,,,,,
CYP,Northern Cyprus,3. Upper middle income,Asia,Western Asia,Cyprus,4508.703125,16,Cyprus,2. High income: nonOECD,68773.007756899,25874.1666666667,25,105,1.41497334797082,2.02530586526477,25,1.41497334797082,4.41288315584393,4.83742433328474,3.65414795309348,0.19344906743062,0.616141946626
CYP,Cyprus,2. High income: nonOECD,Asia,Western Asia,Cyprus,4508.703125,16,Cyprus,2. High income: nonOECD,68773.007756899,25874.1666666667,25,105,1.41497334797082,2.02530586526477,25,1.41497334797082,4.41288315584393,4.83742433328474,3.65414795309348,0.19344906743062,0.616141946626
MAR,Morocco,4. Lower middle income,Africa,Northern Africa,Morocco,248454.734375,36,Morocco,4. Lower middle income,534462.672156819,2886.66666666667,39,152,1.60205999132796,2.1846914308176,39,1.60205999132796,3.46054705967934,5.72791819126976,5.39524902474297,0.127785784035914,0.40700212605189
EGY,Egypt,4. Lower middle income,Africa,Northern Africa,Egypt,122598.921875,14,Egypt,4. Lower middle income,307812.742490072,2313.75,16,36,1.23044892137827,1.568201724067,16,1.23044892137827,3.36450409276935,5.48828800521078,5.0884901934347,-0.105383544074352,-0.33565021972311
LBY,Libya,3. Upper middle income,Africa,Northern Africa,Libya,21573.5573770492,0,Libya,3. Upper middle income,5622.28075545463,8398.75,,,,,0,0,3.92426636043853,3.74998976721931,4.33394189450651,-0.969567204859291,-3.08810496179304
ETH,Ethiopia,5. Low income,Africa,Eastern Africa,Ethiopia,1985.5,24,Ethiopia,5. Low income,12401624.6301838,456.25,24,129,1.39794000867204,2.11394335230684,24,1.39794000867204,2.66015371414845,7.09347861709323,3.29808856939138,0.247496862978202,0.788286038101007
ETH,Ethiopia,5. Low income,Africa,Eastern Africa,Ethiopia PDR,552,24,Ethiopia,5. Low income,12401624.6301838,456.25,24,129,1.39794000867204,2.11394335230684,24,1.39794000867204,2.66015371414845,7.09347861709323,2.7427251313047,0.352416217843698,1.1224577991965
DJI,Djibouti,4. Lower middle income,Africa,Eastern Africa,Djibouti,309.314285714286,0,Djibouti,4. Lower middle income,194.593916349525,2784.44444444444,,,,,0,0,3.44489450089928,2.29135534259412,2.49180176934528,-0.161779939687388,-0.515274683346685
,Somaliland,4. Lower middle income,Africa,Eastern Africa,,,,,,,,,,,,,,,,,,
UGA,Uganda,5. Low income,Africa,Eastern Africa,Uganda,2784.13636363636,22,Uganda,5. Low income,6457525.22399572,620.833333333333,27,508,1.44715803134222,2.70671778233676,27,1.44715803134222,2.79367399865719,6.8100661785176,3.44484646361208,0.293351498036736,0.934334631056478
RWA,Rwanda,5. Low income,Africa,Eastern Africa,Rwanda,2650.54838709677,5,Rwanda,5. Low income,557560.818096686,585.833333333333,8,21,0.954242509439325,1.34242268082221,8,0.954242509439325,2.76851477468654,5.74629302556757,3.42349955680151,0.0467767160260644,0.148985452614847
BIH,Bosnia and Herzegovina,3. Upper middle income,Europe,Southern Europe,Bosnia and Herzegovina,61000.1666666667,13,Bosnia and Herzegovina,3. Upper middle income,2342280.69117122,4532.91666666667,17,68,1.25527250510331,1.83884909073726,17,1.25527250510331,3.65647353353655,6.36963912368452,4.78533814110995,-0.301759855973828,-0.961115540864408
MKD,North Macedonia,3. Upper middle income,Europe,Southern Europe,North Macedonia,11423.8125,10,North Macedonia,3. Upper middle income,668268.217921245,4757.91666666667,10,23,1.04139268515822,1.38021124171161,10,1.04139268515822,3.67750809993982,5.82495145694169,4.05784908131225,-0.263854572517071,-0.840385906720101
SRB,Serbia,3. Upper middle income,Europe,Southern Europe,Serbia,78016.3157894737,45,Serbia,3. Upper middle income,2273804.46443457,5769.58333333333,103,1733,2.01703333929878,3.23904909314019,103,2.01703333929878,3.76121971707994,6.35675330585014,4.89219100419324,0.412637375070098,1.31426426037188
MNE,Montenegro,3. Upper middle income,Europe,Southern Europe,Montenegro,2515.31578947368,15,Montenegro,3. Upper middle income,531653.068415384,6259.16666666667,18,45,1.27875360095283,1.66275783168157,18,1.27875360095283,3.7965858957424,5.72562914160926,3.40076514274296,0.085460410232632,0.272194351823771
,Kosovo,4. Lower middle income,Europe,Southern Europe,,,,,,,,,,,,,,,,,,
TTO,Trinidad and Tobago,2. High income: nonOECD,North America,Caribbean,Trinidad and Tobago,5395.80952380952,16,Trinidad and Tobago,2. High income: nonOECD,322010.092728979,14850.8333333333,20,102,1.32221929473392,2.01283722470517,20,1.32221929473392,4.17178006694654,5.50787083265237,3.73213709025008,0.00690162207931983,0.0219819041741011
SSD,South Sudan,5. Low income,Africa,Eastern Africa,South Sudan,4607.5,2,South Sudan,5. Low income,12930899.458826,974,3,6,0.602059991327962,0.845098040014257,3,0.602059991327962,2.98900461569854,7.1116287685527,3.66355959182592,-0.715701956639458,-2.27953539722298
