type,ISO_A3,richness,recordCount,country_total_richness,referenceRichness,global_target_richness,global_reference_richness,global_focal_ref_ratio,country_focal_ref_ratio,SRR,log10_SRR,country_total_records,referenceRecords,reliable_srr,log10_SRR_filtered,log10_SRR_plot
Fauna,AFG,2,3,9,7,7047,2978,2.36612388786302,0.333333333333333,0.140877379685468,-0.851158734828439,36,33,FALSE,,
Fauna,AGO,5,8,6,1,7047,2978,2.36612388786302,3.66666666666667,1.54965117654014,0.190233950329786,9,1,FALSE,,
Fauna,ALB,18,162,19,1,7047,2978,2.36612388786302,12.3333333333333,5.2124630483623,0.717042989238556,163,1,FALSE,,
Fauna,ARE,9,20,10,1,7047,2978,2.36612388786302,6.33333333333333,2.67667021402389,0.42759486612439,22,2,FALSE,,
Fauna,ARG,47,4654,63,16,7047,2978,2.36612388786302,2.87878787878788,1.21666827910177,0.0851721853021839,4767,113,TRUE,0.0851721853021839,0.0851721853021839
Fauna,ARM,8,111,9,1,7047,2978,2.36612388786302,5.66666666666667,2.39491545465295,0.379290186549835,112,1,FALSE,,
Fauna,ATF,0,0,1,1,7047,2978,2.36612388786302,0.333333333333333,0.140877379685468,-0.851158734828439,26,26,FALSE,,
Fauna,AUS,154,79967,334,180,7047,2978,2.36612388786302,0.85595567867036,0.361754379413929,-0.4415862025896,291528,211561,TRUE,-0.4415862025896,-0.4415862025896
Fauna,AUT,283,22382,400,117,7047,2978,2.36612388786302,2.41276595744681,1.01971243763821,0.00847771651239383,45069,22687,TRUE,0.00847771651239383,0.00847771651239383
Fauna,AZE,4,5,4,0,7047,2978,2.36612388786302,9,3.80368925150763,0.580205029330549,5,0,FALSE,,
Fauna,BDI,1,1,6,5,7047,2978,2.36612388786302,0.272727272727273,0.115263310651746,-0.938308910547339,13,12,FALSE,,
Fauna,BEL,141,223870,177,36,7047,2978,2.36612388786302,3.87671232876712,1.63842322401318,0.214426095295058,225569,1699,TRUE,0.214426095295058,0.214426095295058
Fauna,BEN,17,361,59,42,7047,2978,2.36612388786302,0.411764705882353,0.174024998434989,-0.759388361472793,3844,3483,TRUE,-0.759388361472793,-0.759388361472793
Fauna,BFA,3,7,10,7,7047,2978,2.36612388786302,0.466666666666667,0.197228331559655,-0.705030699150201,42,35,FALSE,,
Fauna,BGD,24,8168,24,0,7047,2978,2.36612388786302,49,20.7089748137637,1.31615859991974,8168,0,FALSE,,
Fauna,BGR,58,375,61,3,7047,2978,2.36612388786302,16.7142857142857,7.06399432422845,0.849050341623128,384,9,FALSE,,
Fauna,BHS,4,6,5,1,7047,2978,2.36612388786302,3,1.26789641716921,0.103083774610886,7,1,FALSE,,
Fauna,BIH,16,67,17,1,7047,2978,2.36612388786302,11,4.64895352962043,0.667355205049449,68,1,FALSE,,
Fauna,BLR,20,238,30,10,7047,2978,2.36612388786302,1.95238095238095,0.825138938157739,-0.0834729181229602,274,36,TRUE,-0.0834729181229602,-0.0834729181229602
Fauna,BLZ,9,28,12,3,7047,2978,2.36612388786302,2.71428571428571,1.14714437743881,0.0596180808297957,52,24,TRUE,0.0596180808297957,0.0596180808297957
Fauna,BOL,19,201,27,8,7047,2978,2.36612388786302,2.29411764705882,0.969567848423513,-0.0134217944605511,232,31,TRUE,-0.0134217944605511,-0.0134217944605511
Fauna,BRA,80,3588,148,68,7047,2978,2.36612388786302,1.17518248175182,0.496669886044386,-0.303932171233333,4630,1042,TRUE,-0.303932171233333,-0.303932171233333
Fauna,BRN,5,9,7,2,7047,2978,2.36612388786302,2.2,0.929790705924087,-0.0316147992865702,12,3,FALSE,,
Fauna,BTN,8,16,12,4,7047,2978,2.36612388786302,1.88888888888889,0.798305151550983,-0.0978310681698273,27,11,TRUE,-0.0978310681698273,-0.0978310681698273
Fauna,BWA,16,163,21,5,7047,2978,2.36612388786302,3,1.26789641716921,0.103083774610886,179,16,TRUE,0.103083774610886,0.103083774610886
Fauna,CAF,2,3,6,4,7047,2978,2.36612388786302,0.555555555555556,0.234795632809113,-0.629309985212083,132,129,FALSE,,
Fauna,CAN,133,33574,192,59,7047,2978,2.36612388786302,2.2436974789916,0.948258664941677,-0.0230731801367319,47069,13495,TRUE,-0.0230731801367319,-0.0230731801367319
Fauna,CHE,122,27666,170,48,7047,2978,2.36612388786302,2.52577319587629,1.06747292854452,0.0283568699895112,29082,1416,TRUE,0.0283568699895112,0.0283568699895112
Fauna,CHL,31,3791,46,15,7047,2978,2.36612388786302,2.03225806451613,0.858897572921077,-0.0660586244894674,3976,185,TRUE,-0.0660586244894674,-0.0660586244894674
Fauna,CHN,159,11062,243,84,7047,2978,2.36612388786302,1.88757396449704,0.79774942224256,-0.0981335016652688,11624,562,TRUE,-0.0981335016652688,-0.0981335016652688
Fauna,CIV,28,77,44,16,7047,2978,2.36612388786302,1.72727272727273,0.73000096746106,-0.136676564314173,194,117,TRUE,-0.136676564314173,-0.136676564314173
Fauna,CMR,15,37,23,8,7047,2978,2.36612388786302,1.82352941176471,0.770682135926382,-0.113124707652778,112,75,TRUE,-0.113124707652778,-0.113124707652778
Fauna,COD,4,6,11,7,7047,2978,2.36612388786302,0.6,0.253579283433842,-0.595886229725133,32,26,FALSE,,
Fauna,COG,5,5,8,3,7047,2978,2.36612388786302,1.57142857142857,0.664136218517205,-0.177742834964808,44,39,FALSE,,
Fauna,COL,59,9236,97,38,7047,2978,2.36612388786302,1.54545454545455,0.653158760359896,-0.184981243888728,9504,268,TRUE,-0.184981243888728,-0.184981243888728
Fauna,CRI,40,425,60,20,7047,2978,2.36612388786302,1.97560975609756,0.834956177160211,-0.0783363179498622,531,106,TRUE,-0.0783363179498622,-0.0783363179498622
Fauna,CUB,10,60,25,15,7047,2978,2.36612388786302,0.67741935483871,0.286299190973692,-0.54317987920913,100,40,TRUE,-0.54317987920913,-0.54317987920913
Fauna,CYP,20,99,25,5,7047,2978,2.36612388786302,3.72727272727273,1.57526524557387,0.197353691452734,105,6,FALSE,,
Fauna,CZE,63,1865,101,38,7047,2978,2.36612388786302,1.64935064935065,0.697068592989132,-0.156724484325301,2202,337,TRUE,-0.156724484325301,-0.156724484325301
Fauna,DEU,293,48997,401,108,7047,2978,2.36612388786302,2.70506912442396,1.14324915035073,0.0581408872903086,59198,10201,TRUE,0.0581408872903086,0.0581408872903086
Fauna,DNK,102,2667,145,43,7047,2978,2.36612388786302,2.35632183908046,0.995857339155892,-0.00180287167164067,2975,308,TRUE,-0.00180287167164067,-0.00180287167164067
Fauna,DOM,24,178,32,8,7047,2978,2.36612388786302,2.88235294117647,1.21817498904493,0.0857096785414633,265,87,TRUE,0.0857096785414633,0.0857096785414633
Fauna,DZA,30,125,32,2,7047,2978,2.36612388786302,12.2,5.15611209648812,0.712322350565972,127,2,FALSE,,
Fauna,ECU,27,1290,37,10,7047,2978,2.36612388786302,2.61904761904762,1.10689369752867,0.0441059146515482,1354,64,TRUE,0.0441059146515482,0.0441059146515482
Fauna,EGY,12,30,16,4,7047,2978,2.36612388786302,2.77777777777778,1.17397816404556,0.0696600191239363,36,6,FALSE,,
Fauna,ERI,0,0,1,1,7047,2978,2.36612388786302,0.333333333333333,0.140877379685468,-0.851158734828439,2,2,FALSE,,
Fauna,ESP,224,599765,346,122,7047,2978,2.36612388786302,1.83265306122449,0.774538083413571,-0.110957223469986,608364,8599,TRUE,-0.110957223469986,-0.110957223469986
Fauna,EST,36,469,50,14,7047,2978,2.36612388786302,2.51724137931035,1.06386710865922,0.0268873821127234,707,238,TRUE,0.0268873821127234,0.0268873821127234
Fauna,ETH,11,26,24,13,7047,2978,2.36612388786302,0.851851851851852,0.360019970307306,-0.443673408250171,129,103,TRUE,-0.443673408250171,-0.443673408250171
Fauna,FIN,187,16428,265,78,7047,2978,2.36612388786302,2.38853503184713,1.00947166972071,0.0040941352097087,18223,1795,TRUE,0.0040941352097087,0.0040941352097087
Fauna,FJI,11,104,13,2,7047,2978,2.36612388786302,4.6,1.94410783965945,0.288720351572798,109,5,FALSE,,
Fauna,FRA,326,119172,441,115,7047,2978,2.36612388786302,2.82683982683983,1.19471336278715,0.0772637212741533,821180,702008,TRUE,0.0772637212741533,0.0772637212741533
Fauna,GAB,4,4,13,9,7047,2978,2.36612388786302,0.473684210526316,0.20019417113198,-0.698548571622281,455,451,FALSE,,
Fauna,GBR,235,83919,312,77,7047,2978,2.36612388786302,3.03870967741935,1.28425637093913,0.108651728849828,89295,5376,TRUE,0.108651728849828,0.108651728849828
Fauna,GEO,21,129,23,2,7047,2978,2.36612388786302,8.6,3.63463639588507,0.560460971134791,134,5,FALSE,,
Fauna,GHA,14,30,22,8,7047,2978,2.36612388786302,1.70588235294118,0.720960707802099,-0.142088403588094,177,147,TRUE,-0.142088403588094,-0.142088403588094
Fauna,GIN,4,6,6,2,7047,2978,2.36612388786302,1.8,0.760737850301525,-0.11876497500547,9,3,FALSE,,
Fauna,GMB,11,83,11,0,7047,2978,2.36612388786302,23,9.72053919829727,0.987690355908816,83,0,FALSE,,
Fauna,GNB,4,5,5,1,7047,2978,2.36612388786302,3,1.26789641716921,0.103083774610886,6,1,FALSE,,
Fauna,GNQ,0,0,2,2,7047,2978,2.36612388786302,0.2,0.0845264278112806,-1.0730074844448,6,6,FALSE,,
Fauna,GRC,82,741,112,30,7047,2978,2.36612388786302,2.70491803278689,1.14318529416896,0.0581166290943629,956,215,TRUE,0.0581166290943629,0.0581166290943629
Fauna,GRL,0,0,1,1,7047,2978,2.36612388786302,0.333333333333333,0.140877379685468,-0.851158734828439,1,1,FALSE,,
Fauna,GTM,22,69,36,14,7047,2978,2.36612388786302,1.55172413793103,0.655808491639246,-0.183222964232389,167,98,TRUE,-0.183222964232389,-0.183222964232389
Fauna,GUY,5,7,8,3,7047,2978,2.36612388786302,1.57142857142857,0.664136218517205,-0.177742834964808,15,8,FALSE,,
Fauna,HND,23,166,33,10,7047,2978,2.36612388786302,2.23809523809524,0.94589097788814,-0.0241589169069782,191,25,TRUE,-0.0241589169069782,-0.0241589169069782
Fauna,HRV,68,494,91,23,7047,2978,2.36612388786302,2.91489361702128,1.23192772448356,0.0905852291119129,1871,1377,TRUE,0.0905852291119129,0.0905852291119129
Fauna,HTI,7,13,10,3,7047,2978,2.36612388786302,2.14285714285714,0.905640297978006,-0.043044261067352,22,9,FALSE,,
Fauna,HUN,91,3126,147,56,7047,2978,2.36612388786302,1.61946902654867,0.684439658825856,-0.164664833861767,4791,1665,TRUE,-0.164664833861767,-0.164664833861767
Fauna,IDN,46,1194,67,21,7047,2978,2.36612388786302,2.16279069767442,0.91406485888943,-0.0390229871344278,1278,84,TRUE,-0.0390229871344278,-0.0390229871344278
Fauna,IND,88,4363,125,37,7047,2978,2.36612388786302,2.36,0.997411848173111,-0.00112547713866985,4787,424,TRUE,-0.00112547713866985,-0.00112547713866985
Fauna,IRL,40,323,49,9,7047,2978,2.36612388786302,4.26315789473684,1.80174754018782,0.255693937817044,353,30,TRUE,0.255693937817044,0.255693937817044
Fauna,IRN,14,19,23,9,7047,2978,2.36612388786302,1.52631578947368,0.645070106980826,-0.190393083162649,64,45,TRUE,-0.190393083162649,-0.190393083162649
Fauna,IRQ,9,13,12,3,7047,2978,2.36612388786302,2.71428571428571,1.14714437743881,0.0596180808297957,28,15,TRUE,0.0596180808297957,0.0596180808297957
Fauna,ISL,1,2,11,10,7047,2978,2.36612388786302,0.142857142857143,0.0603760198652004,-1.21913552012303,3861,3859,FALSE,,
Fauna,ISR,59,3399,66,7,7047,2978,2.36612388786302,7.93333333333333,3.35288163651413,0.525418222228073,3583,184,TRUE,0.525418222228073,0.525418222228073
Fauna,ITA,232,9842,325,93,7047,2978,2.36612388786302,2.48663101604278,1.05093018535416,0.0215738662446786,16019,6177,TRUE,0.0215738662446786,0.0215738662446786
Fauna,JAM,12,125,17,5,7047,2978,2.36612388786302,2.27272727272727,0.960527588764552,-0.0174901565949638,132,7,FALSE,,
Fauna,JOR,6,9,7,1,7047,2978,2.36612388786302,4.33333333333333,1.83140593591108,0.262784617478398,10,1,FALSE,,
Fauna,JPN,89,15993,130,41,7047,2978,2.36612388786302,2.1566265060241,0.911459673386701,-0.0402625415049571,16400,407,TRUE,-0.0402625415049571,-0.0402625415049571
Fauna,KAZ,12,40,14,2,7047,2978,2.36612388786302,5,2.11316069528201,0.324932524227242,48,8,FALSE,,
Fauna,KEN,42,217,48,6,7047,2978,2.36612388786302,6.53846153846154,2.76336398613802,0.44143809329868,262,45,TRUE,0.44143809329868,0.44143809329868
Fauna,KGZ,6,18,6,0,7047,2978,2.36612388786302,13,5.49421780773324,0.73990587219806,18,0,FALSE,,
Fauna,KHM,17,2730,22,5,7047,2978,2.36612388786302,3.18181818181818,1.34473862427037,0.128637879083274,2740,10,TRUE,0.128637879083274,0.128637879083274
Fauna,KOR,88,3663,98,10,7047,2978,2.36612388786302,8.42857142857143,3.56218517204683,0.551716491519111,3690,27,TRUE,0.551716491519111,0.551716491519111
Fauna,KWT,3,8,3,0,7047,2978,2.36612388786302,7,2.95842497339482,0.471060559905481,8,0,FALSE,,
Fauna,LAO,14,38,20,6,7047,2978,2.36612388786302,2.23076923076923,0.942794771741207,-0.0255828345166571,63,25,TRUE,-0.0255828345166571,-0.0255828345166571
Fauna,LBN,6,9,7,1,7047,2978,2.36612388786302,4.33333333333333,1.83140593591108,0.262784617478398,15,6,FALSE,,
Fauna,LBR,2,2,4,2,7047,2978,2.36612388786302,1,0.422632139056403,-0.374037480108776,8,6,FALSE,,
Fauna,LKA,33,480,45,12,7047,2978,2.36612388786302,2.68,1.13265413267116,0.0540973139200125,508,28,TRUE,0.0540973139200125,0.0540973139200125
Fauna,LSO,2,2,3,1,7047,2978,2.36612388786302,1.66666666666667,0.704386898427338,-0.15218873049242,4,2,FALSE,,
Fauna,LTU,30,1410,38,8,7047,2978,2.36612388786302,3.58823529411765,1.51650355779062,0.180843433523717,1429,19,TRUE,0.180843433523717,0.180843433523717
Fauna,LUX,65,2715,81,16,7047,2978,2.36612388786302,3.96969696969697,1.67772152170875,0.2247198756691,2842,127,TRUE,0.2247198756691,0.2247198756691
Fauna,LVA,9,92,11,2,7047,2978,2.36612388786302,3.8,1.60600212841433,0.205746116508034,94,2,FALSE,,
Fauna,MAR,37,109,39,2,7047,2978,2.36612388786302,15,6.33948208584605,0.802053778946905,152,43,TRUE,0.802053778946905,0.802053778946905
Fauna,MDA,8,23,8,0,7047,2978,2.36612388786302,17,7.18474636395885,0.856411441269498,23,0,FALSE,,
Fauna,MDG,18,141,21,3,7047,2978,2.36612388786302,5.28571428571429,2.23391273501242,0.349066203943962,244,103,TRUE,0.349066203943962,0.349066203943962
Fauna,MEX,126,8149,195,69,7047,2978,2.36612388786302,1.82014388489209,0.769251303462374,-0.113931759187054,14100,5951,TRUE,-0.113931759187054,-0.113931759187054
Fauna,MKD,10,23,10,0,7047,2978,2.36612388786302,21,8.87527492018446,0.948181814625143,23,0,FALSE,,
Fauna,MLI,5,20,10,5,7047,2978,2.36612388786302,1,0.422632139056403,-0.374037480108776,59,39,TRUE,-0.374037480108776,-0.374037480108776
Fauna,MMR,20,64,28,8,7047,2978,2.36612388786302,2.41176470588235,1.0192892765478,0.00829745523268515,92,28,TRUE,0.00829745523268515,0.00829745523268515
Fauna,MNE,17,44,18,1,7047,2978,2.36612388786302,11.6666666666667,4.93070828899137,0.692909309521837,45,1,FALSE,,
Fauna,MNG,2,3,2,0,7047,2978,2.36612388786302,5,2.11316069528201,0.324932524227242,3,0,FALSE,,
Fauna,MOZ,18,130,22,4,7047,2978,2.36612388786302,4.11111111111111,1.73748768278743,0.239921734518894,137,7,FALSE,,
Fauna,MRT,2,29,4,2,7047,2978,2.36612388786302,1,0.422632139056403,-0.374037480108776,33,4,FALSE,,
Fauna,MWI,15,79,17,2,7047,2978,2.36612388786302,6.2,2.6203192621497,0.418354209389477,83,4,FALSE,,
Fauna,MYS,56,1795,62,6,7047,2978,2.36612388786302,8.69230769230769,3.67364859333643,0.565097611067807,1815,20,TRUE,0.565097611067807,0.565097611067807
Fauna,NAM,10,176,11,1,7047,2978,2.36612388786302,7,2.95842497339482,0.471060559905481,177,1,FALSE,,
Fauna,NCL,22,124,24,2,7047,2978,2.36612388786302,9,3.80368925150763,0.580205029330549,134,10,TRUE,0.580205029330549,0.580205029330549
Fauna,NER,2,6,15,13,7047,2978,2.36612388786302,0.185185185185185,0.0782652109363709,-1.10643123993174,63,57,FALSE,,
Fauna,NGA,13,39,29,16,7047,2978,2.36612388786302,0.818181818181818,0.345789931955239,-0.461187655827677,236,197,TRUE,-0.461187655827677,-0.461187655827677
Fauna,NIC,14,80,20,6,7047,2978,2.36612388786302,2.23076923076923,0.942794771741207,-0.0255828345166571,194,114,TRUE,-0.0255828345166571,-0.0255828345166571
Fauna,NLD,153,127330,178,25,7047,2978,2.36612388786302,6.01960784313726,2.5440797390258,0.405530719270474,129483,2153,TRUE,0.405530719270474,0.405530719270474
Fauna,NOR,64,2303,84,20,7047,2978,2.36612388786302,3.14634146341463,1.32974502288478,0.123768373470737,3491,1188,TRUE,0.123768373470737,0.123768373470737
Fauna,NPL,15,83,21,6,7047,2978,2.36612388786302,2.38461538461538,1.00781510082681,0.00338086141865945,100,17,TRUE,0.00338086141865945,0.00338086141865945
Fauna,NZL,80,6345,110,30,7047,2978,2.36612388786302,2.63934426229508,1.11547171128001,0.0474585609123063,9831,3486,TRUE,0.0474585609123063,0.0474585609123063
Fauna,OMN,10,16,11,1,7047,2978,2.36612388786302,7,2.95842497339482,0.471060559905481,17,1,FALSE,,
Fauna,PAK,8,30,24,16,7047,2978,2.36612388786302,0.515151515151515,0.217719586786632,-0.66210249860839,168,138,TRUE,-0.66210249860839,-0.66210249860839
Fauna,PAN,20,122,27,7,7047,2978,2.36612388786302,2.73333333333333,1.15519451342083,0.0626551175552778,154,32,TRUE,0.0626551175552778,0.0626551175552778
Fauna,PER,36,536,48,12,7047,2978,2.36612388786302,2.92,1.2340858460447,0.0913453713396418,628,92,TRUE,0.0913453713396418,0.0913453713396418
Fauna,PHL,33,805,39,6,7047,2978,2.36612388786302,5.15384615384615,2.17818102436762,0.338093970285213,829,24,TRUE,0.338093970285213,0.338093970285213
Fauna,PNG,17,114,61,44,7047,2978,2.36612388786302,0.393258426966292,0.16620365019072,-0.779359442403414,503,389,TRUE,-0.779359442403414,-0.779359442403414
Fauna,POL,68,1873,96,28,7047,2978,2.36612388786302,2.40350877192982,1.01580005352153,0.00680823137513892,2427,554,TRUE,0.00680823137513892,0.00680823137513892
Fauna,PRI,23,416,47,24,7047,2978,2.36612388786302,0.959183673469388,0.405381847666346,-0.392135702201573,610,194,TRUE,-0.392135702201573,-0.392135702201573
Fauna,PRK,6,12,10,4,7047,2978,2.36612388786302,1.44444444444444,0.610468645303693,-0.214336637241265,17,5,FALSE,,
Fauna,PRT,102,12316,112,10,7047,2978,2.36612388786302,9.76190476190476,4.1256946907887,0.615497086213059,12359,43,TRUE,0.615497086213059,0.615497086213059
Fauna,PRY,17,58,24,7,7047,2978,2.36612388786302,2.33333333333333,0.986141657798274,-0.00606069481418201,161,103,TRUE,-0.00606069481418201,-0.00606069481418201
Fauna,PSE,13,88,16,3,7047,2978,2.36612388786302,3.85714285714286,1.63015253636041,0.212228244035954,120,32,TRUE,0.212228244035954,0.212228244035954
Fauna,QAT,1,3,1,0,7047,2978,2.36612388786302,3,1.26789641716921,0.103083774610886,3,0,FALSE,,
Fauna,ROU,62,1401,65,3,7047,2978,2.36612388786302,17.8571428571429,7.54700248315005,0.877774492885023,1411,10,TRUE,0.877774492885023,0.877774492885023
Fauna,RUS,118,4268,155,37,7047,2978,2.36612388786302,3.16,1.33551755941823,0.125649602509627,4505,237,TRUE,0.125649602509627,0.125649602509627
Fauna,RWA,8,21,8,0,7047,2978,2.36612388786302,17,7.18474636395885,0.856411441269498,21,0,FALSE,,
Fauna,SAU,5,5,5,0,7047,2978,2.36612388786302,11,4.64895352962043,0.667355205049449,5,0,FALSE,,
Fauna,SDN,4,20,4,0,7047,2978,2.36612388786302,9,3.80368925150763,0.580205029330549,20,0,FALSE,,
Fauna,SEN,8,39,13,5,7047,2978,2.36612388786302,1.54545454545455,0.653158760359896,-0.184981243888728,53,14,TRUE,-0.184981243888728,-0.184981243888728
Fauna,SLB,0,0,1,1,7047,2978,2.36612388786302,0.333333333333333,0.140877379685468,-0.851158734828439,1,1,FALSE,,
Fauna,SLE,0,0,1,1,7047,2978,2.36612388786302,0.333333333333333,0.140877379685468,-0.851158734828439,3,3,FALSE,,
Fauna,SLV,10,20,20,10,7047,2978,2.36612388786302,1,0.422632139056403,-0.374037480108776,57,37,TRUE,-0.374037480108776,-0.374037480108776
Fauna,SOM,0,0,2,2,7047,2978,2.36612388786302,0.2,0.0845264278112806,-1.0730074844448,8,8,FALSE,,
Fauna,SRB,100,1728,103,3,7047,2978,2.36612388786302,28.7142857142857,12.1355799929053,1.08406053729746,1733,5,FALSE,,
Fauna,SSD,2,4,3,1,7047,2978,2.36612388786302,1.66666666666667,0.704386898427338,-0.15218873049242,6,2,FALSE,,
Fauna,SUR,9,11,11,2,7047,2978,2.36612388786302,3.8,1.60600212841433,0.205746116508034,17,6,FALSE,,
Fauna,SVK,41,616,100,59,7047,2978,2.36612388786302,0.697478991596639,0.29477703816539,-0.530506349125233,36507,35891,TRUE,-0.530506349125233,-0.530506349125233
Fauna,SVN,49,2866,131,82,7047,2978,2.36612388786302,0.6,0.253579283433842,-0.595886229725133,104386,101520,TRUE,-0.595886229725133,-0.595886229725133
Fauna,SWE,167,30300,209,42,7047,2978,2.36612388786302,3.94117647058824,1.66566784216347,0.221588401213776,31941,1641,TRUE,0.221588401213776,0.221588401213776
Fauna,SWZ,6,79,8,2,7047,2978,2.36612388786302,2.6,1.09884356154665,0.0409358678620416,81,2,FALSE,,
Fauna,SYR,17,79,18,1,7047,2978,2.36612388786302,11.6666666666667,4.93070828899137,0.692909309521837,80,1,FALSE,,
Fauna,TCD,0,0,4,4,7047,2978,2.36612388786302,0.111111111111111,0.0469591265618226,-1.3282799895481,17,17,FALSE,,
Fauna,TGO,7,55,24,17,7047,2978,2.36612388786302,0.428571428571429,0.181128059595601,-0.742014265403371,107,52,TRUE,-0.742014265403371,-0.742014265403371
Fauna,THA,47,1276,55,8,7047,2978,2.36612388786302,5.58823529411765,2.36176783590343,0.373237203801797,1318,42,TRUE,0.373237203801797,0.373237203801797
Fauna,TJK,3,5,7,4,7047,2978,2.36612388786302,0.777777777777778,0.328713885932758,-0.483181949533844,14,9,FALSE,,
Fauna,TLS,5,30,5,0,7047,2978,2.36612388786302,11,4.64895352962043,0.667355205049449,30,0,FALSE,,
Fauna,TTO,15,88,20,5,7047,2978,2.36612388786302,2.81818181818182,1.19105421006804,0.0759315285672712,102,14,TRUE,0.0759315285672712,0.0759315285672712
Fauna,TUN,3,5,4,1,7047,2978,2.36612388786302,2.33333333333333,0.986141657798274,-0.00606069481418201,6,1,FALSE,,
Fauna,TUR,45,203,60,15,7047,2978,2.36612388786302,2.93548387096774,1.24062982755267,0.0936422183780445,242,39,TRUE,0.0936422183780445,0.0936422183780445
Fauna,TWN,81,9614,159,78,7047,2978,2.36612388786302,1.03821656050955,0.438783685771934,-0.357749528114052,15550,5936,TRUE,-0.357749528114052,-0.357749528114052
Fauna,TZA,19,115,26,7,7047,2978,2.36612388786302,2.6,1.09884356154665,0.0409358678620416,178,63,TRUE,0.0409358678620416,0.0409358678620416
Fauna,UGA,13,37,27,14,7047,2978,2.36612388786302,0.931034482758621,0.393485094983548,-0.405071713848745,508,471,TRUE,-0.405071713848745,-0.405071713848745
Fauna,UKR,63,1125,102,39,7047,2978,2.36612388786302,1.60759493670886,0.679421286837509,-0.167860850443261,1886,761,TRUE,-0.167860850443261,-0.167860850443261
Fauna,URY,20,110,24,4,7047,2978,2.36612388786302,4.55555555555556,1.92532418903472,0.284503867171634,134,24,TRUE,0.284503867171634,0.284503867171634
Fauna,USA,418,242000,575,157,7047,2978,2.36612388786302,2.65714285714286,1.12299396949273,0.0503774240948831,327222,85222,TRUE,0.0503774240948831,0.0503774240948831
Fauna,UZB,8,188,10,2,7047,2978,2.36612388786302,3.4,1.43694927279177,0.157441436933479,192,4,FALSE,,
Fauna,VEN,27,144,39,12,7047,2978,2.36612388786302,2.2,0.929790705924087,-0.0316147992865702,190,46,TRUE,-0.0316147992865702,-0.0316147992865702
Fauna,VNM,38,412,44,6,7047,2978,2.36612388786302,5.92307692307692,2.50328266979562,0.398509892756869,432,20,TRUE,0.398509892756869,0.398509892756869
Fauna,VUT,5,10,5,0,7047,2978,2.36612388786302,11,4.64895352962043,0.667355205049449,10,0,FALSE,,
Fauna,YEM,1,10,1,0,7047,2978,2.36612388786302,3,1.26789641716921,0.103083774610886,10,0,FALSE,,
Fauna,ZAF,82,2733,97,15,7047,2978,2.36612388786302,5.32258064516129,2.24949364336473,0.352084770270857,2815,82,TRUE,0.352084770270857,0.352084770270857
Fauna,ZMB,18,55,24,6,7047,2978,2.36612388786302,2.84615384615385,1.20287608808361,0.0802208916513819,112,57,TRUE,0.0802208916513819,0.0802208916513819
Fauna,ZWE,21,277,23,2,7047,2978,2.36612388786302,8.6,3.63463639588507,0.560460971134791,284,7,FALSE,,
Flora,AFG,7,33,9,2,1613,8412,0.191797919762259,3,15.6414626588162,1.19427736221177,36,3,FALSE,,
Flora,AGO,0,0,6,6,1613,8412,0.191797919762259,0.0769230769230769,0.401063145097852,-0.396787244814727,9,9,FALSE,,
Flora,ALB,0,0,19,19,1613,8412,0.191797919762259,0.0256410256410256,0.133687715032617,-0.87390849953439,163,163,FALSE,,
Flora,ARE,1,2,10,9,1613,8412,0.191797919762259,0.157894736842105,0.823234876779802,-0.0844762387410571,22,20,FALSE,,
Flora,ARG,6,17,63,57,1613,8412,0.191797919762259,0.11304347826087,0.589388448013366,-0.229598380554666,4767,4750,TRUE,-0.229598380554666,-0.229598380554666
Flora,ARM,0,0,9,9,1613,8412,0.191797919762259,0.0526315789473684,0.274411625593267,-0.56159749346072,112,112,FALSE,,
Flora,ATF,1,26,1,0,1613,8412,0.191797919762259,3,15.6414626588162,1.19427736221177,26,0,FALSE,,
Flora,AUS,116,203895,334,218,1613,8412,0.191797919762259,0.533180778032037,2.77990907666223,0.444030591547707,291528,87633,TRUE,0.444030591547707,0.444030591547707
Flora,AUT,70,15328,400,330,1613,8412,0.191797919762259,0.213313161875946,1.11217661870554,0.0461737606618492,45069,29741,TRUE,0.0461737606618492,0.0461737606618492
Flora,AZE,0,0,4,4,1613,8412,0.191797919762259,0.111111111111111,0.579313431808009,-0.237086401947215,5,5,FALSE,,
Flora,BDI,4,9,6,2,1613,8412,0.191797919762259,1.8,9.38487759528974,0.972428612595415,13,4,FALSE,,
Flora,BEL,5,15,177,172,1613,8412,0.191797919762259,0.0318840579710145,0.166237767388385,-0.77927030242294,225569,225554,TRUE,-0.77927030242294,-0.77927030242294
Flora,BEN,42,3483,59,17,1613,8412,0.191797919762259,2.42857142857143,12.6621364380893,1.10250698885613,3844,361,TRUE,1.10250698885613,1.10250698885613
Flora,BFA,5,19,10,5,1613,8412,0.191797919762259,1,5.21382088627208,0.71715610749211,42,23,TRUE,0.71715610749211,0.71715610749211
Flora,BGD,0,0,24,24,1613,8412,0.191797919762259,0.0204081632653061,0.106404507883104,-0.973039972536404,8168,8168,FALSE,,
Flora,BGR,2,8,61,59,1613,8412,0.191797919762259,0.0420168067226891,0.219068104465213,-0.659420849564402,384,376,FALSE,,
Flora,BHS,0,0,5,5,1613,8412,0.191797919762259,0.0909090909090909,0.473983716933825,-0.324236577666116,7,7,FALSE,,
Flora,BIH,0,0,17,17,1613,8412,0.191797919762259,0.0285714285714286,0.148966311036345,-0.826911936858166,68,68,FALSE,,
Flora,BLR,2,19,30,28,1613,8412,0.191797919762259,0.087719298245614,0.457352709322112,-0.339748743844363,274,255,TRUE,-0.339748743844363,-0.339748743844363
Flora,BLZ,3,24,12,9,1613,8412,0.191797919762259,0.368421052631579,1.92088137915287,0.283500546553537,52,28,TRUE,0.283500546553537,0.283500546553537
Flora,BOL,5,18,27,22,1613,8412,0.191797919762259,0.244444444444444,1.27448954997762,0.105336278874991,232,214,TRUE,0.105336278874991,0.105336278874991
Flora,BRA,44,840,148,104,1613,8412,0.191797919762259,0.425837320574163,2.22023951616371,0.346399828025968,4630,3790,TRUE,0.346399828025968,0.346399828025968
Flora,BRN,1,2,7,6,1613,8412,0.191797919762259,0.230769230769231,1.20318943529356,0.0803340099049352,12,10,FALSE,,
Flora,BTN,4,11,12,8,1613,8412,0.191797919762259,0.529411764705882,2.76025811626169,0.440949695553161,27,16,TRUE,0.440949695553161,0.440949695553161
Flora,BWA,4,11,21,17,1613,8412,0.191797919762259,0.257142857142857,1.34069679932711,0.127330572581159,179,168,TRUE,0.127330572581159,0.127330572581159
Flora,CAF,2,3,6,4,1613,8412,0.191797919762259,0.555555555555556,2.89656715904004,0.461883602388804,132,129,FALSE,,
Flora,CAN,16,6168,192,176,1613,8412,0.191797919762259,0.0934844192634561,0.487411017696823,-0.312104658017826,47069,40901,TRUE,-0.312104658017826,-0.312104658017826
Flora,CHE,12,229,170,158,1613,8412,0.191797919762259,0.0788643533123028,0.411184612482025,-0.385963146053604,29082,28853,TRUE,-0.385963146053604,-0.385963146053604
Flora,CHL,10,159,46,36,1613,8412,0.191797919762259,0.287671232876712,1.49986628235224,0.176052542105573,3976,3817,TRUE,0.176052542105573,0.176052542105573
Flora,CHN,42,369,243,201,1613,8412,0.191797919762259,0.210918114143921,1.09968926881669,0.0412699870652928,11624,11255,TRUE,0.0412699870652928,0.0412699870652928
Flora,CIV,10,111,44,34,1613,8412,0.191797919762259,0.304347826086957,1.58681505234368,0.200526311488773,194,83,TRUE,0.200526311488773,0.200526311488773
Flora,CMR,8,75,23,15,1613,8412,0.191797919762259,0.548387096774194,2.8591920989234,0.456243335036111,112,37,TRUE,0.456243335036111,0.456243335036111
Flora,COD,1,12,11,10,1613,8412,0.191797919762259,0.142857142857143,0.744831555181726,-0.127941932522147,32,20,TRUE,-0.127941932522147,-0.127941932522147
Flora,COG,2,6,8,6,1613,8412,0.191797919762259,0.384615384615385,2.00531572548926,0.302182759521292,44,38,FALSE,,
Flora,COL,26,153,97,71,1613,8412,0.191797919762259,0.370629370629371,1.93239515365329,0.286095939627837,9504,9351,TRUE,0.286095939627837,0.286095939627837
Flora,CRI,6,20,60,54,1613,8412,0.191797919762259,0.119266055045872,0.621831848821441,-0.206327038141677,531,511,TRUE,-0.206327038141677,-0.206327038141677
Flora,CUB,9,22,25,16,1613,8412,0.191797919762259,0.575757575757576,3.00189687391423,0.477395768567051,100,78,TRUE,0.477395768567051,0.477395768567051
Flora,CYP,4,5,25,21,1613,8412,0.191797919762259,0.209302325581395,1.0912648366616,0.0379301613518478,105,100,FALSE,,
Flora,CZE,23,281,101,78,1613,8412,0.191797919762259,0.299363057324841,1.56082536085852,0.193354313018593,2202,1921,TRUE,0.193354313018593,0.193354313018593
Flora,DEU,67,9095,401,334,1613,8412,0.191797919762259,0.201793721973094,1.0521163223419,0.0220637582192925,59198,50103,TRUE,0.0220637582192925,0.0220637582192925
Flora,DNK,14,101,145,131,1613,8412,0.191797919762259,0.110266159695818,0.574908006471066,-0.240401643098692,2975,2874,TRUE,-0.240401643098692,-0.240401643098692
Flora,DOM,3,74,32,29,1613,8412,0.191797919762259,0.11864406779661,0.618588918710247,-0.208597864135778,265,191,TRUE,-0.208597864135778,-0.208597864135778
Flora,DZA,0,0,32,32,1613,8412,0.191797919762259,0.0153846153846154,0.0802126290195704,-1.09575724915075,127,127,FALSE,,
Flora,ECU,6,18,37,31,1613,8412,0.191797919762259,0.206349206349206,1.07586780192916,0.0317589103453645,1354,1336,TRUE,0.0317589103453645,0.0317589103453645
Flora,EGY,3,5,16,13,1613,8412,0.191797919762259,0.259259259259259,1.35173134088535,0.130890383347379,36,31,FALSE,,
Flora,ERI,1,2,1,0,1613,8412,0.191797919762259,3,15.6414626588162,1.19427736221177,2,0,FALSE,,
Flora,ESP,78,8213,346,268,1613,8412,0.191797919762259,0.292364990689013,1.52433869486912,0.183081474201788,608364,600151,TRUE,0.183081474201788,0.183081474201788
Flora,EST,0,0,50,50,1613,8412,0.191797919762259,0.0099009900990099,0.0516219889729909,-1.28716526629053,707,707,FALSE,,
Flora,ETH,10,91,24,14,1613,8412,0.191797919762259,0.724137931034483,3.77552546936944,0.576977404327073,129,38,TRUE,0.576977404327073,0.576977404327073
Flora,FIN,35,899,265,230,1613,8412,0.191797919762259,0.154013015184382,0.802996275326069,-0.0952864691784634,18223,17324,TRUE,-0.0952864691784634,-0.0952864691784634
Flora,FJI,0,0,13,13,1613,8412,0.191797919762259,0.037037037037037,0.193104477269336,-0.714207656666878,109,109,FALSE,,
Flora,FRA,73,701754,441,368,1613,8412,0.191797919762259,0.199457259158752,1.03993442372048,0.0170059543812341,821180,119426,TRUE,0.0170059543812341,0.0170059543812341
Flora,GAB,7,131,13,6,1613,8412,0.191797919762259,1.15384615384615,6.01594717646778,0.779304014240954,455,324,TRUE,0.779304014240954,0.779304014240954
Flora,GBR,18,263,312,294,1613,8412,0.191797919762259,0.0628183361629881,0.327523553127448,-0.484757463227997,89295,89032,TRUE,-0.484757463227997,-0.484757463227997
Flora,GEO,1,2,23,22,1613,8412,0.191797919762259,0.0666666666666667,0.347588059084805,-0.458935151563572,134,132,FALSE,,
Flora,GHA,5,25,22,17,1613,8412,0.191797919762259,0.314285714285714,1.6386294213998,0.214480748300059,177,152,TRUE,0.214480748300059,0.214480748300059
Flora,GIN,1,2,6,5,1613,8412,0.191797919762259,0.272727272727273,1.42195115080148,0.152884677053547,9,7,FALSE,,
Flora,GMB,0,0,11,11,1613,8412,0.191797919762259,0.0434782608695652,0.226687864620525,-0.644571728525483,83,83,FALSE,,
Flora,GNB,1,1,5,4,1613,8412,0.191797919762259,0.333333333333333,1.73794029542403,0.240034852772447,6,5,FALSE,,
Flora,GNQ,2,6,2,0,1613,8412,0.191797919762259,5,26.0691044313604,1.41612611182813,6,0,FALSE,,
Flora,GRC,25,194,112,87,1613,8412,0.191797919762259,0.291428571428571,1.51945637257072,0.181688234903751,956,762,TRUE,0.181688234903751,0.181688234903751
Flora,GRL,0,0,1,1,1613,8412,0.191797919762259,0.333333333333333,1.73794029542403,0.240034852772447,1,1,FALSE,,
Flora,GTM,7,69,36,29,1613,8412,0.191797919762259,0.254237288135593,1.32554768295053,0.122395354905647,167,98,TRUE,0.122395354905647,0.122395354905647
Flora,GUY,2,4,8,6,1613,8412,0.191797919762259,0.384615384615385,2.00531572548926,0.302182759521292,15,11,FALSE,,
Flora,HND,5,15,33,28,1613,8412,0.191797919762259,0.192982456140351,1.00617596050865,0.00267393697784312,191,176,TRUE,0.00267393697784312,0.00267393697784312
Flora,HRV,14,79,91,77,1613,8412,0.191797919762259,0.187096774193548,0.975489069044453,-0.0107775927792259,1871,1792,TRUE,-0.0107775927792259,-0.0107775927792259
Flora,HTI,2,8,10,8,1613,8412,0.191797919762259,0.294117647058824,1.53347673125649,0.185677190449854,22,14,FALSE,,
Flora,HUN,42,1578,147,105,1613,8412,0.191797919762259,0.402843601895735,2.10035438546506,0.32229257790871,4791,3213,TRUE,0.32229257790871,0.32229257790871
Flora,IDN,18,79,67,49,1613,8412,0.191797919762259,0.373737373737374,1.94859972517239,0.289722636961555,1278,1199,TRUE,0.289722636961555,0.289722636961555
Flora,IND,13,234,125,112,1613,8412,0.191797919762259,0.12,0.62565850635265,-0.203662646460266,4787,4553,TRUE,-0.203662646460266,-0.203662646460266
Flora,IRL,3,7,49,46,1613,8412,0.191797919762259,0.0752688172043011,0.39243813122478,-0.406228801047569,353,346,FALSE,,
Flora,IRN,0,0,23,23,1613,8412,0.191797919762259,0.0212765957446809,0.110932359282385,-0.954941750443608,64,64,FALSE,,
Flora,IRQ,0,0,12,12,1613,8412,0.191797919762259,0.04,0.208552835450883,-0.680783901179928,28,28,FALSE,,
Flora,ISL,9,3858,11,2,1613,8412,0.191797919762259,3.8,19.8125193678339,1.29693970410892,3861,3,FALSE,,
Flora,ISR,5,180,66,61,1613,8412,0.191797919762259,0.0894308943089431,0.466276664625958,-0.331356318789063,3583,3403,TRUE,-0.331356318789063,-0.331356318789063
Flora,ITA,60,2227,325,265,1613,8412,0.191797919762259,0.227871939736347,1.1880834787927,0.0748469567270905,16019,13792,TRUE,0.0748469567270905,0.0748469567270905
Flora,JAM,1,1,17,16,1613,8412,0.191797919762259,0.0909090909090909,0.473983716933825,-0.324236577666116,132,131,FALSE,,
Flora,JOR,0,0,7,7,1613,8412,0.191797919762259,0.0666666666666667,0.347588059084805,-0.458935151563572,10,10,FALSE,,
Flora,JPN,9,23,130,121,1613,8412,0.191797919762259,0.0781893004115226,0.407665007568599,-0.389696565153374,16400,16377,TRUE,-0.389696565153374,-0.389696565153374
Flora,KAZ,0,0,14,14,1613,8412,0.191797919762259,0.0344827586206897,0.17978692711283,-0.745241890406847,48,48,FALSE,,
Flora,KEN,4,41,48,44,1613,8412,0.191797919762259,0.101123595505618,0.52724031434212,-0.277991389713478,262,221,TRUE,-0.277991389713478,-0.277991389713478
Flora,KGZ,0,0,6,6,1613,8412,0.191797919762259,0.0769230769230769,0.401063145097852,-0.396787244814727,18,18,FALSE,,
Flora,KHM,3,7,22,19,1613,8412,0.191797919762259,0.17948717948718,0.935814005228322,-0.0288104595201329,2740,2733,FALSE,,
Flora,KOR,1,4,98,97,1613,8412,0.191797919762259,0.0153846153846154,0.0802126290195704,-1.09575724915075,3690,3686,FALSE,,
Flora,KWT,0,0,3,3,1613,8412,0.191797919762259,0.142857142857143,0.744831555181726,-0.127941932522147,8,8,FALSE,,
Flora,LAO,1,2,20,19,1613,8412,0.191797919762259,0.0769230769230769,0.401063145097852,-0.396787244814727,63,61,FALSE,,
Flora,LBN,1,6,7,6,1613,8412,0.191797919762259,0.230769230769231,1.20318943529356,0.0803340099049352,15,9,FALSE,,
Flora,LBR,2,6,4,2,1613,8412,0.191797919762259,1,5.21382088627208,0.71715610749211,8,2,FALSE,,
Flora,LKA,0,0,45,45,1613,8412,0.191797919762259,0.010989010989011,0.0572947350139789,-1.24188528482898,508,508,FALSE,,
Flora,LSO,1,2,3,2,1613,8412,0.191797919762259,0.6,3.12829253176325,0.495307357875753,4,2,FALSE,,
Flora,LTU,0,0,38,38,1613,8412,0.191797919762259,0.012987012987013,0.0677119595619751,-1.16933461768037,1429,1429,FALSE,,
Flora,LUX,11,107,81,70,1613,8412,0.191797919762259,0.163120567375887,0.850481421164949,-0.0703351691456775,2842,2735,TRUE,-0.0703351691456775,-0.0703351691456775
Flora,LVA,0,0,11,11,1613,8412,0.191797919762259,0.0434782608695652,0.226687864620525,-0.644571728525483,94,94,FALSE,,
Flora,MAR,0,0,39,39,1613,8412,0.191797919762259,0.0126582278481013,0.0659977327376213,-1.18047098379833,152,152,FALSE,,
Flora,MDA,0,0,8,8,1613,8412,0.191797919762259,0.0588235294117647,0.306695346251299,-0.513292813886165,23,23,FALSE,,
Flora,MDG,1,2,21,20,1613,8412,0.191797919762259,0.0731707317073171,0.38149908923942,-0.418506494507964,244,242,FALSE,,
Flora,MEX,42,5747,195,153,1613,8412,0.191797919762259,0.276872964169381,1.44356604343038,0.159436657729216,14100,8353,TRUE,0.159436657729216,0.159436657729216
Flora,MKD,0,0,10,10,1613,8412,0.191797919762259,0.0476190476190476,0.248277185060575,-0.60506318724181,23,23,FALSE,,
Flora,MLI,5,39,10,5,1613,8412,0.191797919762259,1,5.21382088627208,0.71715610749211,59,20,TRUE,0.71715610749211,0.71715610749211
Flora,MMR,8,28,28,20,1613,8412,0.191797919762259,0.414634146341463,2.16182817235672,0.334821172150648,92,64,TRUE,0.334821172150648,0.334821172150648
Flora,MNE,0,0,18,18,1613,8412,0.191797919762259,0.027027027027027,0.140914078007354,-0.851045616574886,45,45,FALSE,,
Flora,MNG,0,0,2,2,1613,8412,0.191797919762259,0.2,1.04276417725442,0.0181861031560907,3,3,FALSE,,
Flora,MOZ,3,5,22,19,1613,8412,0.191797919762259,0.17948717948718,0.935814005228322,-0.0288104595201329,137,132,FALSE,,
Flora,MRT,2,4,4,2,1613,8412,0.191797919762259,1,5.21382088627208,0.71715610749211,33,29,FALSE,,
Flora,MWI,2,4,17,15,1613,8412,0.191797919762259,0.161290322580645,0.840938852624529,-0.0752355820061444,83,79,FALSE,,
Flora,MYS,3,16,62,59,1613,8412,0.191797919762259,0.0588235294117647,0.306695346251299,-0.513292813886165,1815,1799,TRUE,-0.513292813886165,-0.513292813886165
Flora,NAM,0,0,11,11,1613,8412,0.191797919762259,0.0434782608695652,0.226687864620525,-0.644571728525483,177,177,FALSE,,
Flora,NCL,0,0,24,24,1613,8412,0.191797919762259,0.0204081632653061,0.106404507883104,-0.973039972536404,134,134,FALSE,,
Flora,NER,13,57,15,2,1613,8412,0.191797919762259,5.4,28.1546327858692,1.44954986731508,63,6,FALSE,,
Flora,NGA,16,197,29,13,1613,8412,0.191797919762259,1.22222222222222,6.3724477498881,0.80430628321101,236,39,TRUE,0.80430628321101,0.80430628321101
Flora,NIC,3,110,20,17,1613,8412,0.191797919762259,0.2,1.04276417725442,0.0181861031560907,194,84,TRUE,0.0181861031560907,0.0181861031560907
Flora,NLD,7,79,178,171,1613,8412,0.191797919762259,0.043731778425656,0.228009659749508,-0.64204675349498,129483,129404,TRUE,-0.64204675349498,-0.64204675349498
Flora,NOR,2,1002,84,82,1613,8412,0.191797919762259,0.0303030303030303,0.157994572311275,-0.801357832385778,3491,2489,TRUE,-0.801357832385778,-0.801357832385778
Flora,NPL,3,10,21,18,1613,8412,0.191797919762259,0.189189189189189,0.986398546051474,-0.00594757656062868,100,90,TRUE,-0.00594757656062868,-0.00594757656062868
Flora,NZL,1,1,110,109,1613,8412,0.191797919762259,0.0136986301369863,0.0714222039215353,-1.14616675262835,9831,9830,FALSE,,
Flora,OMN,1,1,11,10,1613,8412,0.191797919762259,0.142857142857143,0.744831555181726,-0.127941932522147,17,16,FALSE,,
Flora,PAK,9,33,24,15,1613,8412,0.191797919762259,0.612903225806452,3.19556763997321,0.504548014610666,168,135,TRUE,0.504548014610666,0.504548014610666
Flora,PAN,2,9,27,25,1613,8412,0.191797919762259,0.0980392156862745,0.511158910418831,-0.291444064269808,154,145,FALSE,,
Flora,PER,6,18,48,42,1613,8412,0.191797919762259,0.152941176470588,0.797407900253377,-0.0983194659153464,628,610,TRUE,-0.0983194659153464,-0.0983194659153464
Flora,PHL,1,2,39,38,1613,8412,0.191797919762259,0.038961038961039,0.203135878685925,-0.69221336296071,829,827,FALSE,,
Flora,PNG,40,380,61,21,1613,8412,0.191797919762259,1.88372093023256,9.82138352995438,0.992172670791173,503,123,TRUE,0.992172670791173,0.992172670791173
Flora,POL,19,505,96,77,1613,8412,0.191797919762259,0.251612903225806,1.31186461009427,0.117889016348317,2427,1922,TRUE,0.117889016348317,0.117889016348317
Flora,PRI,10,105,47,37,1613,8412,0.191797919762259,0.28,1.45986984815618,0.164314138834329,610,505,TRUE,0.164314138834329,0.164314138834329
Flora,PRK,0,0,10,10,1613,8412,0.191797919762259,0.0476190476190476,0.248277185060575,-0.60506318724181,17,17,FALSE,,
Flora,PRT,0,0,112,112,1613,8412,0.191797919762259,0.00444444444444444,0.0231725372723204,-1.63502641061925,12359,12359,FALSE,,
Flora,PRY,3,92,24,21,1613,8412,0.191797919762259,0.162790697674419,0.848761539625687,-0.0712143080732202,161,69,TRUE,-0.0712143080732202,-0.0712143080732202
Flora,PSE,2,31,16,14,1613,8412,0.191797919762259,0.172413793103448,0.898934635564152,-0.0462718860708278,120,89,TRUE,-0.0462718860708278,-0.0462718860708278
Flora,QAT,0,0,1,1,1613,8412,0.191797919762259,0.333333333333333,1.73794029542403,0.240034852772447,3,3,FALSE,,
Flora,ROU,2,8,65,63,1613,8412,0.191797919762259,0.0393700787401575,0.205268538829609,-0.687677609127829,1411,1403,FALSE,,
Flora,RUS,2,67,155,153,1613,8412,0.191797919762259,0.0162866449511401,0.0849156496135518,-1.07101226364906,4505,4438,TRUE,-1.07101226364906,-1.07101226364906
Flora,RWA,0,0,8,8,1613,8412,0.191797919762259,0.0588235294117647,0.306695346251299,-0.513292813886165,21,21,FALSE,,
Flora,SAU,0,0,5,5,1613,8412,0.191797919762259,0.0909090909090909,0.473983716933825,-0.324236577666116,5,5,FALSE,,
Flora,SDN,0,0,4,4,1613,8412,0.191797919762259,0.111111111111111,0.579313431808009,-0.237086401947215,20,20,FALSE,,
Flora,SEN,5,14,13,8,1613,8412,0.191797919762259,0.647058823529412,3.37364880876429,0.528099871272061,53,39,TRUE,0.528099871272061,0.528099871272061
Flora,SLB,0,0,1,1,1613,8412,0.191797919762259,0.333333333333333,1.73794029542403,0.240034852772447,1,1,FALSE,,
Flora,SLE,0,0,1,1,1613,8412,0.191797919762259,0.333333333333333,1.73794029542403,0.240034852772447,3,3,FALSE,,
Flora,SLV,5,26,20,15,1613,8412,0.191797919762259,0.354838709677419,1.85006547577396,0.267187098816062,57,31,TRUE,0.267187098816062,0.267187098816062
Flora,SOM,2,8,2,0,1613,8412,0.191797919762259,5,26.0691044313604,1.41612611182813,8,0,FALSE,,
Flora,SRB,1,2,103,102,1613,8412,0.191797919762259,0.0146341463414634,0.0762998178478841,-1.11747649884398,1733,1731,FALSE,,
Flora,SSD,1,2,3,2,1613,8412,0.191797919762259,0.6,3.12829253176325,0.495307357875753,6,4,FALSE,,
Flora,SUR,2,6,11,9,1613,8412,0.191797919762259,0.263157894736842,1.37205812796634,0.137372510875299,17,11,FALSE,,
Flora,SVK,56,35888,100,44,1613,8412,0.191797919762259,1.26966292134831,6.61979505785107,0.820844544330616,36507,619,TRUE,0.820844544330616,0.820844544330616
Flora,SVN,53,20378,131,78,1613,8412,0.191797919762259,0.681528662420382,3.55336837472046,0.550640232768085,104386,84008,TRUE,0.550640232768085,0.550640232768085
Flora,SWE,9,56,209,200,1613,8412,0.191797919762259,0.0473815461346633,0.247038894860772,-0.607234664175244,31941,31885,TRUE,-0.607234664175244,-0.607234664175244
Flora,SWZ,0,0,8,8,1613,8412,0.191797919762259,0.0588235294117647,0.306695346251299,-0.513292813886165,81,81,FALSE,,
Flora,SYR,0,0,18,18,1613,8412,0.191797919762259,0.027027027027027,0.140914078007354,-0.851045616574886,80,80,FALSE,,
Flora,TCD,2,9,4,2,1613,8412,0.191797919762259,1,5.21382088627208,0.71715610749211,17,8,FALSE,,
Flora,TGO,17,52,24,7,1613,8412,0.191797919762259,2.33333333333333,12.1655820679682,1.0851328927867,107,55,TRUE,1.0851328927867,1.0851328927867
Flora,THA,4,38,55,51,1613,8412,0.191797919762259,0.087378640776699,0.455576582295619,-0.341438607773738,1318,1280,TRUE,-0.341438607773738,-0.341438607773738
Flora,TJK,4,9,7,3,1613,8412,0.191797919762259,1.28571428571429,6.70348399663553,0.826300576917178,14,5,FALSE,,
Flora,TLS,0,0,5,5,1613,8412,0.191797919762259,0.0909090909090909,0.473983716933825,-0.324236577666116,30,30,FALSE,,
Flora,TTO,0,0,20,20,1613,8412,0.191797919762259,0.024390243902439,0.127166363079807,-0.895627749227626,102,102,FALSE,,
Flora,TUN,0,0,4,4,1613,8412,0.191797919762259,0.111111111111111,0.579313431808009,-0.237086401947215,6,6,FALSE,,
Flora,TUR,12,28,60,48,1613,8412,0.191797919762259,0.257731958762887,1.34376826965775,0.128324381897902,242,214,TRUE,0.128324381897902,0.128324381897902
Flora,TWN,62,5853,159,97,1613,8412,0.191797919762259,0.641025641025641,3.34219287581544,0.524031509137648,15550,9697,TRUE,0.524031509137648,0.524031509137648
Flora,TZA,5,51,26,21,1613,8412,0.191797919762259,0.255813953488372,1.33376813369751,0.125080337070748,178,127,TRUE,0.125080337070748,0.125080337070748
Flora,UGA,10,467,27,17,1613,8412,0.191797919762259,0.6,3.12829253176325,0.495307357875753,508,41,TRUE,0.495307357875753,0.495307357875753
Flora,UKR,32,730,102,70,1613,8412,0.191797919762259,0.460992907801419,2.40353445111833,0.380850351479585,1886,1156,TRUE,0.380850351479585,0.380850351479585
Flora,URY,0,0,24,24,1613,8412,0.191797919762259,0.0204081632653061,0.106404507883104,-0.973039972536404,134,134,FALSE,,
Flora,USA,52,64763,575,523,1613,8412,0.191797919762259,0.100286532951289,0.522876020113246,-0.281601275116795,327222,262459,TRUE,-0.281601275116795,-0.281601275116795
Flora,UZB,1,2,10,9,1613,8412,0.191797919762259,0.157894736842105,0.823234876779802,-0.0844762387410571,192,190,FALSE,,
Flora,VEN,3,6,39,36,1613,8412,0.191797919762259,0.0958904109589041,0.499955427450747,-0.30106871261409,190,184,FALSE,,
Flora,VNM,6,20,44,38,1613,8412,0.191797919762259,0.168831168831169,0.880255474305676,-0.0553912653735356,432,412,TRUE,-0.0553912653735356,-0.0553912653735356
Flora,VUT,0,0,5,5,1613,8412,0.191797919762259,0.0909090909090909,0.473983716933825,-0.324236577666116,10,10,FALSE,,
Flora,YEM,0,0,1,1,1613,8412,0.191797919762259,0.333333333333333,1.73794029542403,0.240034852772447,10,10,FALSE,,
Flora,ZAF,1,2,97,96,1613,8412,0.191797919762259,0.0155440414507772,0.0810438479731411,-1.091279946796,2815,2813,FALSE,,
Flora,ZMB,3,8,24,21,1613,8412,0.191797919762259,0.162790697674419,0.848761539625687,-0.0712143080732202,112,104,FALSE,,
Flora,ZWE,0,0,23,23,1613,8412,0.191797919762259,0.0212765957446809,0.110932359282385,-0.954941750443608,284,284,FALSE,,
Pathogen,AFG,0,0,9,9,1365,8660,0.157669880491888,0.0526315789473684,0.333808707047737,-0.476502339395933,36,36,FALSE,,
Pathogen,AGO,1,1,6,5,1365,8660,0.157669880491888,0.272727272727273,1.72973602742918,0.237979831118333,9,8,FALSE,,
Pathogen,ALB,1,1,19,18,1365,8660,0.157669880491888,0.0810810810810811,0.514245845992459,-0.288829207790437,163,162,FALSE,,
Pathogen,ARE,0,0,10,10,1365,8660,0.157669880491888,0.0476190476190476,0.302017401614619,-0.519968033177024,22,22,FALSE,,
Pathogen,ARG,10,96,63,53,1365,8660,0.157669880491888,0.196261682242991,1.24476330945838,0.0950867786056053,4767,4671,TRUE,0.0950867786056053,0.0950867786056053
Pathogen,ARM,1,1,9,8,1365,8660,0.157669880491888,0.176470588235294,1.11924095892476,0.0489235948982842,112,111,FALSE,,
Pathogen,ATF,0,0,1,1,1365,8660,0.157669880491888,0.333333333333333,2.11412181130233,0.325130006837233,26,26,FALSE,,
Pathogen,AUS,64,7666,334,270,1365,8660,0.157669880491888,0.238447319778189,1.51232003876895,0.179643706749575,291528,283862,TRUE,0.179643706749575,0.179643706749575
Pathogen,AUT,47,7359,400,353,1365,8660,0.157669880491888,0.134370579915134,0.852227321387786,-0.069444546951156,45069,37710,TRUE,-0.069444546951156,-0.069444546951156
Pathogen,AZE,0,0,4,4,1365,8660,0.157669880491888,0.111111111111111,0.704707270434111,-0.151991247882429,5,5,FALSE,,
Pathogen,BDI,1,3,6,5,1365,8660,0.157669880491888,0.272727272727273,1.72973602742918,0.237979831118333,13,10,FALSE,,
Pathogen,BEL,31,1684,177,146,1365,8660,0.157669880491888,0.215017064846416,1.36371679978205,0.134724190656368,225569,223885,TRUE,0.134724190656368,0.134724190656368
Pathogen,BEN,0,0,59,59,1365,8660,0.157669880491888,0.00840336134453782,0.0532971885202268,-1.27329569983564,3844,3844,FALSE,,
Pathogen,BFA,2,16,10,8,1365,8660,0.157669880491888,0.294117647058824,1.86540159820794,0.270772344514641,42,26,TRUE,0.270772344514641,0.270772344514641
Pathogen,BGD,0,0,24,24,1365,8660,0.157669880491888,0.0204081632653061,0.129436029263408,-0.887944818471618,8168,8168,FALSE,,
Pathogen,BGR,1,1,61,60,1365,8660,0.157669880491888,0.0247933884297521,0.157248729766289,-0.803412854039892,384,383,FALSE,,
Pathogen,BHS,1,1,5,4,1365,8660,0.157669880491888,0.333333333333333,2.11412181130233,0.325130006837233,7,6,FALSE,,
Pathogen,BIH,1,1,17,16,1365,8660,0.157669880491888,0.0909090909090909,0.576578675809727,-0.239141423601329,68,67,FALSE,,
Pathogen,BLR,8,17,30,22,1365,8660,0.157669880491888,0.377777777777778,2.39600471947598,0.379487669159826,274,257,TRUE,0.379487669159826,0.379487669159826
Pathogen,BLZ,0,0,12,12,1365,8660,0.157669880491888,0.04,0.25369461735628,-0.595688747115142,52,52,FALSE,,
Pathogen,BOL,3,13,27,24,1365,8660,0.157669880491888,0.142857142857143,0.906052204843856,-0.0428467784573612,232,219,TRUE,-0.0428467784573612,-0.0428467784573612
Pathogen,BRA,24,202,148,124,1365,8660,0.157669880491888,0.196787148594378,1.2480960090821,0.096247994489673,4630,4428,TRUE,0.096247994489673,0.096247994489673
Pathogen,BRN,1,1,7,6,1365,8660,0.157669880491888,0.230769230769231,1.46362279244008,0.165429163969721,12,11,FALSE,,
Pathogen,BTN,0,0,12,12,1365,8660,0.157669880491888,0.04,0.25369461735628,-0.595688747115142,27,27,FALSE,,
Pathogen,BWA,1,5,21,20,1365,8660,0.157669880491888,0.0731707317073171,0.46407551955417,-0.333411340443177,179,174,FALSE,,
Pathogen,CAF,2,126,6,4,1365,8660,0.157669880491888,0.555555555555556,3.52353635217055,0.54697875645359,132,6,FALSE,,
Pathogen,CAN,43,7327,192,149,1365,8660,0.157669880491888,0.290969899665552,1.84543743394618,0.266099325851084,47069,39742,TRUE,0.266099325851084,0.266099325851084
Pathogen,CHE,36,1187,170,134,1365,8660,0.157669880491888,0.271375464684015,1.72116236682234,0.235821841674944,29082,27895,TRUE,0.235821841674944,0.235821841674944
Pathogen,CHL,5,26,46,41,1365,8660,0.157669880491888,0.132530120481928,0.840554455096108,-0.0754341456609531,3976,3950,TRUE,-0.0754341456609531,-0.0754341456609531
Pathogen,CHN,42,193,243,201,1365,8660,0.157669880491888,0.210918114143921,1.33771975653125,0.126365141130079,11624,11431,TRUE,0.126365141130079,0.126365141130079
Pathogen,CIV,6,6,44,38,1365,8660,0.157669880491888,0.168831168831169,1.07078896936092,0.0297038886912505,194,188,FALSE,,
Pathogen,CMR,0,0,23,23,1365,8660,0.157669880491888,0.0212765957446809,0.134943945402276,-0.869846596378822,112,112,FALSE,,
Pathogen,COD,6,14,11,5,1365,8660,0.157669880491888,1.18181818181818,7.49552278552645,0.874801928705507,32,18,TRUE,0.874801928705507,0.874801928705507
Pathogen,COG,1,33,8,7,1365,8660,0.157669880491888,0.2,1.2684730867814,0.103281257220877,44,11,TRUE,0.103281257220877,0.103281257220877
Pathogen,COL,12,115,97,85,1365,8660,0.157669880491888,0.146198830409357,0.927246408465935,-0.0328048401632205,9504,9389,TRUE,-0.0328048401632205,-0.0328048401632205
Pathogen,CRI,14,86,60,46,1365,8660,0.157669880491888,0.311827956989247,1.97772685573444,0.296166310901917,531,445,TRUE,0.296166310901917,0.296166310901917
Pathogen,CUB,6,18,25,19,1365,8660,0.157669880491888,0.333333333333333,2.11412181130233,0.325130006837233,100,82,TRUE,0.325130006837233,0.325130006837233
Pathogen,CYP,1,1,25,24,1365,8660,0.157669880491888,0.0612244897959184,0.388308087790224,-0.410823563751956,105,104,FALSE,,
Pathogen,CZE,15,56,101,86,1365,8660,0.157669880491888,0.179190751445087,1.13649322804114,0.0555668522623729,2202,2146,TRUE,0.0555668522623729,0.0555668522623729
Pathogen,DEU,41,1106,401,360,1365,8660,0.157669880491888,0.115117891816921,0.730119737883884,-0.136605910786459,59198,58092,TRUE,-0.136605910786459,-0.136605910786459
Pathogen,DNK,29,207,145,116,1365,8660,0.157669880491888,0.253218884120172,1.60600669785628,0.205747352173021,2975,2768,TRUE,0.205747352173021,0.205747352173021
Pathogen,DOM,5,13,32,27,1365,8660,0.157669880491888,0.2,1.2684730867814,0.103281257220877,265,252,TRUE,0.103281257220877,0.103281257220877
Pathogen,DZA,2,2,32,30,1365,8660,0.157669880491888,0.0819672131147541,0.519866019172704,-0.284108569117853,127,125,FALSE,,
Pathogen,ECU,4,46,37,33,1365,8660,0.157669880491888,0.134328358208955,0.851959535897954,-0.0695810317046059,1354,1308,TRUE,-0.0695810317046059,-0.0695810317046059
Pathogen,EGY,1,1,16,15,1365,8660,0.157669880491888,0.0967741935483871,0.613777300055516,-0.211989177557715,36,35,FALSE,,
Pathogen,ERI,0,0,1,1,1365,8660,0.157669880491888,0.333333333333333,2.11412181130233,0.325130006837233,2,2,FALSE,,
Pathogen,ESP,44,386,346,302,1365,8660,0.157669880491888,0.147107438016529,0.933009129946649,-0.0301141064506604,608364,607978,TRUE,-0.0301141064506604,-0.0301141064506604
Pathogen,EST,14,238,50,36,1365,8660,0.157669880491888,0.397260273972603,2.51956982990826,0.401326399335396,707,469,TRUE,0.401326399335396,0.401326399335396
Pathogen,ETH,3,12,24,21,1365,8660,0.157669880491888,0.162790697674419,1.03247809389184,0.013880845991566,129,117,TRUE,0.013880845991566,0.013880845991566
Pathogen,FIN,43,896,265,222,1365,8660,0.157669880491888,0.195505617977528,1.2399680735953,0.0934105031945826,18223,17327,TRUE,0.0934105031945826,0.0934105031945826
Pathogen,FJI,2,5,13,11,1365,8660,0.157669880491888,0.217391304347826,1.37877509432761,0.139493429875322,109,104,FALSE,,
Pathogen,FRA,42,254,441,399,1365,8660,0.157669880491888,0.106382978723404,0.674719727011382,-0.170876592042803,821180,820926,TRUE,-0.170876592042803,-0.170876592042803
Pathogen,GAB,2,320,13,11,1365,8660,0.157669880491888,0.217391304347826,1.37877509432761,0.139493429875322,455,135,TRUE,0.139493429875322,0.139493429875322
Pathogen,GBR,59,5113,312,253,1365,8660,0.157669880491888,0.234714003944773,1.48864198547324,0.17279026361609,89295,84182,TRUE,0.17279026361609,0.17279026361609
Pathogen,GEO,1,3,23,22,1365,8660,0.157669880491888,0.0666666666666667,0.422824362260466,-0.373839997498786,134,131,FALSE,,
Pathogen,GHA,3,122,22,19,1365,8660,0.157669880491888,0.17948717948718,1.13837328300895,0.0562846945446533,177,55,TRUE,0.0562846945446533,0.0562846945446533
Pathogen,GIN,1,1,6,5,1365,8660,0.157669880491888,0.272727272727273,1.72973602742918,0.237979831118333,9,8,FALSE,,
Pathogen,GMB,0,0,11,11,1365,8660,0.157669880491888,0.0434782608695652,0.275755018865521,-0.559476574460697,83,83,FALSE,,
Pathogen,GNB,0,0,5,5,1365,8660,0.157669880491888,0.0909090909090909,0.576578675809727,-0.239141423601329,6,6,FALSE,,
Pathogen,GNQ,0,0,2,2,1365,8660,0.157669880491888,0.2,1.2684730867814,0.103281257220877,6,6,FALSE,,
Pathogen,GRC,5,21,112,107,1365,8660,0.157669880491888,0.0511627906976744,0.324493115223149,-0.488794513200485,956,935,TRUE,-0.488794513200485,-0.488794513200485
Pathogen,GRL,1,1,1,0,1365,8660,0.157669880491888,3,19.027096301721,1.27937251627656,1,0,FALSE,,
Pathogen,GTM,7,29,36,29,1365,8660,0.157669880491888,0.254237288135593,1.61246578828144,0.207490508970433,167,138,TRUE,0.207490508970433,0.207490508970433
Pathogen,GUY,1,4,8,7,1365,8660,0.157669880491888,0.2,1.2684730867814,0.103281257220877,15,11,FALSE,,
Pathogen,HND,5,10,33,28,1365,8660,0.157669880491888,0.192982456140351,1.22396525917503,0.0877690910426293,191,181,TRUE,0.0877690910426293,0.0877690910426293
Pathogen,HRV,9,1298,91,82,1365,8660,0.157669880491888,0.115151515151515,0.730332989358987,-0.136479081704182,1871,573,TRUE,-0.136479081704182,-0.136479081704182
Pathogen,HTI,1,1,10,9,1365,8660,0.157669880491888,0.157894736842105,1.00142612114321,0.000618915323729094,22,21,FALSE,,
Pathogen,HUN,14,87,147,133,1365,8660,0.157669880491888,0.108614232209738,0.688871151997389,-0.161862001908723,4791,4704,TRUE,-0.161862001908723,-0.161862001908723
Pathogen,IDN,3,5,67,64,1365,8660,0.157669880491888,0.0542635658914729,0.344159364630612,-0.463240408728096,1278,1273,FALSE,,
Pathogen,IND,24,190,125,101,1365,8660,0.157669880491888,0.241379310344828,1.53091579439134,0.184951303672196,4787,4597,TRUE,0.184951303672196,0.184951303672196
Pathogen,IRL,6,23,49,43,1365,8660,0.157669880491888,0.149425287356322,0.947709777480356,-0.023324638754886,353,330,TRUE,-0.023324638754886,-0.023324638754886
Pathogen,IRN,9,45,23,14,1365,8660,0.157669880491888,0.655172413793103,4.15534287049079,0.618606864610769,64,19,TRUE,0.618606864610769,0.618606864610769
Pathogen,IRQ,3,15,12,9,1365,8660,0.157669880491888,0.368421052631579,2.33666094933416,0.368595700618324,28,13,TRUE,0.368595700618324,0.368595700618324
Pathogen,ISL,1,1,11,10,1365,8660,0.157669880491888,0.142857142857143,0.906052204843856,-0.0428467784573612,3861,3860,FALSE,,
Pathogen,ISR,2,4,66,64,1365,8660,0.157669880491888,0.0387596899224806,0.245828117593294,-0.609368444406334,3583,3579,FALSE,,
Pathogen,ITA,33,3950,325,292,1365,8660,0.157669880491888,0.114529914529915,0.726390571062852,-0.138829801824458,16019,12069,TRUE,-0.138829801824458,-0.138829801824458
Pathogen,JAM,4,6,17,13,1365,8660,0.157669880491888,0.333333333333333,2.11412181130233,0.325130006837233,132,126,FALSE,,
Pathogen,JOR,1,1,7,6,1365,8660,0.157669880491888,0.230769230769231,1.46362279244008,0.165429163969721,10,9,FALSE,,
Pathogen,JPN,32,384,130,98,1365,8660,0.157669880491888,0.32994923857868,2.09265864570535,0.320698392038158,16400,16016,TRUE,0.320698392038158,0.320698392038158
Pathogen,KAZ,2,8,14,12,1365,8660,0.157669880491888,0.2,1.2684730867814,0.103281257220877,48,40,FALSE,,
Pathogen,KEN,2,4,48,46,1365,8660,0.157669880491888,0.0537634408602151,0.340987388919731,-0.467261682661021,262,258,FALSE,,
Pathogen,KGZ,0,0,6,6,1365,8660,0.157669880491888,0.0769230769230769,0.487874264146692,-0.311692090749941,18,18,FALSE,,
Pathogen,KHM,2,3,22,20,1365,8660,0.157669880491888,0.121951219512195,0.77345919925695,-0.111562590826821,2740,2737,FALSE,,
Pathogen,KOR,9,23,98,89,1365,8660,0.157669880491888,0.106145251396648,0.673211973431469,-0.171848168470168,3690,3667,TRUE,-0.171848168470168,-0.171848168470168
Pathogen,KWT,0,0,3,3,1365,8660,0.157669880491888,0.142857142857143,0.906052204843856,-0.0428467784573612,8,8,FALSE,,
Pathogen,LAO,5,23,20,15,1365,8660,0.157669880491888,0.354838709677419,2.25051676687022,0.352282252880848,63,40,TRUE,0.352282252880848,0.352282252880848
Pathogen,LBN,0,0,7,7,1365,8660,0.157669880491888,0.0666666666666667,0.422824362260466,-0.373839997498786,15,15,FALSE,,
Pathogen,LBR,0,0,4,4,1365,8660,0.157669880491888,0.111111111111111,0.704707270434111,-0.151991247882429,8,8,FALSE,,
Pathogen,LKA,12,28,45,33,1365,8660,0.157669880491888,0.373134328358209,2.36655426638321,0.374116467528107,508,480,TRUE,0.374116467528107,0.374116467528107
Pathogen,LSO,0,0,3,3,1365,8660,0.157669880491888,0.142857142857143,0.906052204843856,-0.0428467784573612,4,4,FALSE,,
Pathogen,LTU,8,19,38,30,1365,8660,0.157669880491888,0.278688524590164,1.76754446518719,0.247370347924403,1429,1410,TRUE,0.247370347924403,0.247370347924403
Pathogen,LUX,5,20,81,76,1365,8660,0.157669880491888,0.0718954248366013,0.455987057339718,-0.341047484102478,2842,2822,TRUE,-0.341047484102478,-0.341047484102478
Pathogen,LVA,2,2,11,9,1365,8660,0.157669880491888,0.263157894736842,1.66904353523868,0.222467664940086,94,92,FALSE,,
Pathogen,MAR,2,43,39,37,1365,8660,0.157669880491888,0.0666666666666667,0.422824362260466,-0.373839997498786,152,109,TRUE,-0.373839997498786,-0.373839997498786
Pathogen,MDA,0,0,8,8,1365,8660,0.157669880491888,0.0588235294117647,0.373080319641588,-0.428197659821378,23,23,FALSE,,
Pathogen,MDG,2,101,21,19,1365,8660,0.157669880491888,0.128205128205128,0.81312377357782,-0.0898433411335848,244,143,TRUE,-0.0898433411335848,-0.0898433411335848
Pathogen,MEX,27,204,195,168,1365,8660,0.157669880491888,0.163204747774481,1.03510415093438,0.0149840501798009,14100,13896,TRUE,0.0149840501798009,0.0149840501798009
Pathogen,MKD,0,0,10,10,1365,8660,0.157669880491888,0.0476190476190476,0.302017401614619,-0.519968033177024,23,23,FALSE,,
Pathogen,MLI,0,0,10,10,1365,8660,0.157669880491888,0.0476190476190476,0.302017401614619,-0.519968033177024,59,59,FALSE,,
Pathogen,MMR,0,0,28,28,1365,8660,0.157669880491888,0.0175438596491228,0.111269569015912,-0.953623594115596,92,92,FALSE,,
Pathogen,MNE,1,1,18,17,1365,8660,0.157669880491888,0.0857142857142857,0.543631322906314,-0.264695528073718,45,44,FALSE,,
Pathogen,MNG,0,0,2,2,1365,8660,0.157669880491888,0.2,1.2684730867814,0.103281257220877,3,3,FALSE,,
Pathogen,MOZ,1,2,22,21,1365,8660,0.157669880491888,0.0697674418604651,0.44249061166793,-0.354095939303028,137,135,FALSE,,
Pathogen,MRT,0,0,4,4,1365,8660,0.157669880491888,0.111111111111111,0.704707270434111,-0.151991247882429,33,33,FALSE,,
Pathogen,MWI,0,0,17,17,1365,8660,0.157669880491888,0.0285714285714286,0.181210440968771,-0.74181678279338,83,83,FALSE,,
Pathogen,MYS,3,4,62,59,1365,8660,0.157669880491888,0.0588235294117647,0.373080319641588,-0.428197659821378,1815,1811,FALSE,,
Pathogen,NAM,1,1,11,10,1365,8660,0.157669880491888,0.142857142857143,0.906052204843856,-0.0428467784573612,177,176,FALSE,,
Pathogen,NCL,2,10,24,22,1365,8660,0.157669880491888,0.111111111111111,0.704707270434111,-0.151991247882429,134,124,TRUE,-0.151991247882429,-0.151991247882429
Pathogen,NER,0,0,15,15,1365,8660,0.157669880491888,0.032258064516129,0.204592433351838,-0.689110432277377,63,63,FALSE,,
Pathogen,NGA,0,0,29,29,1365,8660,0.157669880491888,0.0169491525423729,0.107497719218763,-0.968600750085248,236,236,FALSE,,
Pathogen,NIC,3,4,20,17,1365,8660,0.157669880491888,0.2,1.2684730867814,0.103281257220877,194,190,FALSE,,
Pathogen,NLD,18,2074,178,160,1365,8660,0.157669880491888,0.115264797507788,0.731051467459685,-0.136052046780981,129483,127409,TRUE,-0.136052046780981,-0.136052046780981
Pathogen,NOR,18,186,84,66,1365,8660,0.157669880491888,0.278195488721805,1.76441745153804,0.246601344656805,3491,3305,TRUE,0.246601344656805,0.246601344656805
Pathogen,NPL,3,7,21,18,1365,8660,0.157669880491888,0.189189189189189,1.1999069739824,0.0791475775041575,100,93,FALSE,,
Pathogen,NZL,29,3485,110,81,1365,8660,0.157669880491888,0.361963190184049,2.29570282577002,0.360915668795082,9831,6346,TRUE,0.360915668795082,0.360915668795082
Pathogen,OMN,0,0,11,11,1365,8660,0.157669880491888,0.0434782608695652,0.275755018865521,-0.559476574460697,17,17,FALSE,,
Pathogen,PAK,7,105,24,17,1365,8660,0.157669880491888,0.428571428571429,2.71815661453157,0.434274476262301,168,63,TRUE,0.434274476262301,0.434274476262301
Pathogen,PAN,5,23,27,22,1365,8660,0.157669880491888,0.244444444444444,1.55035599495504,0.190431432939777,154,131,TRUE,0.190431432939777,0.190431432939777
Pathogen,PER,6,74,48,42,1365,8660,0.157669880491888,0.152941176470588,0.970008831068128,-0.0132243118505603,628,554,TRUE,-0.0132243118505603,-0.0132243118505603
Pathogen,PHL,5,22,39,34,1365,8660,0.157669880491888,0.159420289855072,1.01110173584025,0.00479485597786533,829,807,TRUE,0.00479485597786533,0.00479485597786533
Pathogen,PNG,4,9,61,57,1365,8660,0.157669880491888,0.0782608695652174,0.496359033957939,-0.304204069357391,503,494,FALSE,,
Pathogen,POL,9,49,96,87,1365,8660,0.157669880491888,0.108571428571429,0.688599675681331,-0.16203318617657,2427,2378,TRUE,-0.16203318617657,-0.16203318617657
Pathogen,PRI,14,89,47,33,1365,8660,0.157669880491888,0.432835820895522,2.74520294900452,0.438574456755025,610,521,TRUE,0.438574456755025,0.438574456755025
Pathogen,PRK,4,5,10,6,1365,8660,0.157669880491888,0.692307692307692,4.39086837732023,0.642550418689384,17,12,FALSE,,
Pathogen,PRT,10,43,112,102,1365,8660,0.157669880491888,0.102439024390244,0.649705727375838,-0.187283304764939,12359,12316,TRUE,-0.187283304764939,-0.187283304764939
Pathogen,PRY,4,11,24,20,1365,8660,0.157669880491888,0.219512195121951,1.39222655866251,0.143709914276485,161,150,TRUE,0.143709914276485,0.143709914276485
Pathogen,PSE,1,1,16,15,1365,8660,0.157669880491888,0.0967741935483871,0.613777300055516,-0.211989177557715,120,119,FALSE,,
Pathogen,QAT,0,0,1,1,1365,8660,0.157669880491888,0.333333333333333,2.11412181130233,0.325130006837233,3,3,FALSE,,
Pathogen,ROU,1,2,65,64,1365,8660,0.157669880491888,0.0232558139534884,0.147496870555977,-0.831217194022691,1411,1409,FALSE,,
Pathogen,RUS,35,170,155,120,1365,8660,0.157669880491888,0.294605809128631,1.86849770044563,0.271492567701103,4505,4335,TRUE,0.271492567701103,0.271492567701103
Pathogen,RWA,0,0,8,8,1365,8660,0.157669880491888,0.0588235294117647,0.373080319641588,-0.428197659821378,21,21,FALSE,,
Pathogen,SAU,0,0,5,5,1365,8660,0.157669880491888,0.0909090909090909,0.576578675809727,-0.239141423601329,5,5,FALSE,,
Pathogen,SDN,0,0,4,4,1365,8660,0.157669880491888,0.111111111111111,0.704707270434111,-0.151991247882429,20,20,FALSE,,
Pathogen,SEN,0,0,13,13,1365,8660,0.157669880491888,0.037037037037037,0.234902423478037,-0.629112502602092,53,53,FALSE,,
Pathogen,SLB,1,1,1,0,1365,8660,0.157669880491888,3,19.027096301721,1.27937251627656,1,0,FALSE,,
Pathogen,SLE,1,3,1,0,1365,8660,0.157669880491888,3,19.027096301721,1.27937251627656,3,0,FALSE,,
Pathogen,SLV,5,11,20,15,1365,8660,0.157669880491888,0.354838709677419,2.25051676687022,0.352282252880848,57,46,TRUE,0.352282252880848,0.352282252880848
Pathogen,SOM,0,0,2,2,1365,8660,0.157669880491888,0.2,1.2684730867814,0.103281257220877,8,8,FALSE,,
Pathogen,SRB,2,3,103,101,1365,8660,0.157669880491888,0.0246305418719212,0.156215897386872,-0.806274772020298,1733,1730,FALSE,,
Pathogen,SSD,0,0,3,3,1365,8660,0.157669880491888,0.142857142857143,0.906052204843856,-0.0428467784573612,6,6,FALSE,,
Pathogen,SUR,0,0,11,11,1365,8660,0.157669880491888,0.0434782608695652,0.275755018865521,-0.559476574460697,17,17,FALSE,,
Pathogen,SVK,3,3,100,97,1365,8660,0.157669880491888,0.0358974358974359,0.22767465660179,-0.642685309791366,36507,36504,FALSE,,
Pathogen,SVN,29,81142,131,102,1365,8660,0.157669880491888,0.287804878048781,1.8253637102464,0.261349412143286,104386,23244,TRUE,0.261349412143286,0.261349412143286
Pathogen,SWE,33,1585,209,176,1365,8660,0.157669880491888,0.189801699716714,1.20379173958008,0.0805513588698996,31941,30356,TRUE,0.0805513588698996,0.0805513588698996
Pathogen,SWZ,2,2,8,6,1365,8660,0.157669880491888,0.384615384615385,2.43937132073346,0.387277913586078,81,79,FALSE,,
Pathogen,SYR,1,1,18,17,1365,8660,0.157669880491888,0.0857142857142857,0.543631322906314,-0.264695528073718,80,79,FALSE,,
Pathogen,TCD,2,8,4,2,1365,8660,0.157669880491888,1,6.34236543390699,0.802251261556896,17,9,FALSE,,
Pathogen,TGO,0,0,24,24,1365,8660,0.157669880491888,0.0204081632653061,0.129436029263408,-0.887944818471618,107,107,FALSE,,
Pathogen,THA,4,4,55,51,1365,8660,0.157669880491888,0.087378640776699,0.554187270923912,-0.256343453708952,1318,1314,FALSE,,
Pathogen,TJK,0,0,7,7,1365,8660,0.157669880491888,0.0666666666666667,0.422824362260466,-0.373839997498786,14,14,FALSE,,
Pathogen,TLS,0,0,5,5,1365,8660,0.157669880491888,0.0909090909090909,0.576578675809727,-0.239141423601329,30,30,FALSE,,
Pathogen,TTO,5,14,20,15,1365,8660,0.157669880491888,0.354838709677419,2.25051676687022,0.352282252880848,102,88,TRUE,0.352282252880848,0.352282252880848
Pathogen,TUN,1,1,4,3,1365,8660,0.157669880491888,0.428571428571429,2.71815661453157,0.434274476262301,6,5,FALSE,,
Pathogen,TUR,3,11,60,57,1365,8660,0.157669880491888,0.0608695652173913,0.38605702641173,-0.413348538782459,242,231,TRUE,-0.413348538782459,-0.413348538782459
Pathogen,TWN,16,83,159,143,1365,8660,0.157669880491888,0.114982578397213,0.729261530727982,-0.137116695299209,15550,15467,TRUE,-0.137116695299209,-0.137116695299209
Pathogen,TZA,2,12,26,24,1365,8660,0.157669880491888,0.102040816326531,0.64718014631704,-0.188974814135599,178,166,TRUE,-0.188974814135599,-0.188974814135599
Pathogen,UGA,4,4,27,23,1365,8660,0.157669880491888,0.191489361702128,1.21449550862049,0.0843959130605031,508,504,FALSE,,
Pathogen,UKR,7,31,102,95,1365,8660,0.157669880491888,0.0785340314136126,0.498091526223062,-0.302690846635151,1886,1855,TRUE,-0.302690846635151,-0.302690846635151
Pathogen,URY,4,24,24,20,1365,8660,0.157669880491888,0.219512195121951,1.39222655866251,0.143709914276485,134,110,TRUE,0.143709914276485,0.143709914276485
Pathogen,USA,105,20459,575,470,1365,8660,0.157669880491888,0.22422954303932,1.42214570303334,0.152944093427332,327222,306763,TRUE,0.152944093427332,0.152944093427332
Pathogen,UZB,1,2,10,9,1365,8660,0.157669880491888,0.157894736842105,1.00142612114321,0.000618915323729094,192,190,FALSE,,
Pathogen,VEN,9,40,39,30,1365,8660,0.157669880491888,0.311475409836066,1.97549087285628,0.295675027498958,190,150,TRUE,0.295675027498958,0.295675027498958
Pathogen,VNM,0,0,44,44,1365,8660,0.157669880491888,0.0112359550561798,0.0712625329652471,-1.14713874508802,432,432,FALSE,,
Pathogen,VUT,0,0,5,5,1365,8660,0.157669880491888,0.0909090909090909,0.576578675809727,-0.239141423601329,10,10,FALSE,,
Pathogen,YEM,0,0,1,1,1365,8660,0.157669880491888,0.333333333333333,2.11412181130233,0.325130006837233,10,10,FALSE,,
Pathogen,ZAF,14,80,97,83,1365,8660,0.157669880491888,0.173652694610778,1.10136884780421,0.0419327883082685,2815,2735,TRUE,0.0419327883082685,0.0419327883082685
Pathogen,ZMB,3,49,24,21,1365,8660,0.157669880491888,0.162790697674419,1.03247809389184,0.013880845991566,112,63,TRUE,0.013880845991566,0.013880845991566
Pathogen,ZWE,2,7,23,21,1365,8660,0.157669880491888,0.116279069767442,0.737484352779883,-0.132247189686672,284,277,FALSE,,
