type,ISO_A3,pestCount,totalRecords,global_type_count,SRR,SRR_scaled
Animals,AFG,3,844633,1820498,6.94351158126921,0.841641706514419
Animals,AGO,8,17611983,1820498,0.887989201052814,-0.05110351456596
Animals,ALB,162,1076686,1820498,294.138520367866,2.46855337991203
Animals,ARE,20,146661432,1820498,0.266587651911202,-0.572533931377155
Animals,ARG,4654,32944479522,1820498,0.276165665215177,-0.55726057034864
Animals,ARM,111,531392741,1820498,0.408350711069687,-0.387904450875074
Animals,ATF,0,,1820498,,
Animals,AUS,79967,89941710927,1820498,1.73810341843449,0.240325408753695
Animals,AUT,22382,6663166172,1820498,6.56665503353554,0.817410333367404
Animals,AZE,5,272116,1820498,35.9204592736318,1.55535397113594
Animals,BDI,1,2754,1820498,709.842534183267,2.85116263079037
Animals,BEL,223870,55932370249,1820498,7.82453667161115,0.893514130950384
Animals,BEN,361,1671381180,1820498,0.422238324132499,-0.373415013927285
Animals,BFA,7,293440044,1820498,0.0466342091128675,-1.32208104112696
Animals,BGD,8168,255346824,1820498,62.5332820983174,1.79611816845352
Animals,BGR,375,654293480,1820498,1.12042974534573,0.0497720713524404
Animals,BHS,6,947680,1820498,12.3770028225185,1.09265057738766
Animals,BIH,67,1515505159,1820498,0.0864257861113808,-1.05836045393093
Animals,BLR,238,2008469,1820498,231.652920067719,2.36483965377023
Animals,BLZ,28,39958118,1820498,1.36986875848207,0.136995879154719
Animals,BOL,201,757042340,1820498,0.519041212631891,-0.283962237693312
Animals,BRA,3588,239723811413,1820498,0.0292595212110687,-1.5191379479928
Animals,BRN,9,23890549,1820498,0.736448419509592,-0.132268350815234
Animals,BTN,16,9169608,1820498,3.41110562482622,0.5330224666834
Animals,BWA,163,2756738,1820498,115.589415200116,2.06292182371878
Animals,CAF,3,,1820498,,
Animals,CAN,33574,59019619478,1820498,1.11207130799574,0.0465229879439205
Animals,CHE,27666,42861789477,1820498,1.26183342876268,0.101346069684397
Animals,CHL,3791,29961529844,1820498,0.247352186963396,-0.604932011300112
Animals,CHN,11062,696568008784,1820498,0.0310453159646618,-1.4942354419444
Animals,CIV,77,30199991,1820498,4.98436533023587,0.697696989145566
Animals,CMR,37,1388479541,1820498,0.0520940585815997,-1.27495407533274
Animals,COD,6,2540186427,1820498,0.00461755007828184,-2.25045304732458
Animals,COG,5,92827,1820498,105.298368962733,2.02242576855658
Animals,COL,9236,115710790110,1820498,0.156040028169709,-0.803989635504662
Animals,CRI,425,15279943167,1820498,0.0543742332713092,-1.25669227410242
Animals,CUB,60,295085888,1820498,0.397492340767049,-0.399580021556635
Animals,CYP,99,273735972,1820498,0.707016056972341,-0.149956892909937
Animals,CZE,1865,15089529393,1820498,0.241617894603709,-0.615077170324186
Animals,DEU,48997,72572459136,1820498,1.31984704720256,0.120852529649473
Animals,DNK,2667,17751114513,1820498,0.293713118839385,-0.530600531565262
Animals,DOM,178,167147736,1820498,2.08183094006758,0.318654020415608
Animals,DZA,125,2168294903,1820498,0.11269836591623,-0.944245776989169
Animals,ECU,1290,28979666487,1820498,0.0870206418221823,-1.05541546900625
Animals,EGY,30,5142084788,1820498,0.0114053331658563,-1.90639156753446
Animals,ERI,0,,1820498,,
Animals,ESP,599765,68530825004,1820498,17.1088616024438,1.23324649665168
Animals,EST,469,1458073327,1820498,0.628809989236568,-0.200790455423966
Animals,ETH,26,3762121336,1820498,0.0135103470298223,-1.83832220084037
Animals,FIN,16428,2748269304,1820498,11.6856093006101,1.06768852522212
Animals,FJI,104,54392237,1820498,3.73785434253485,0.57273854633487
Animals,FRA,119172,60088960246,1820498,3.87708652794647,0.588617494838213
Animals,GAB,4,589946366,1820498,0.0132548072286335,-1.84603865138902
Animals,GBR,83919,167124575316,1820498,0.981625740942983,-0.00761186323898422
Animals,GEO,129,148369280,1820498,1.6996976580944,0.230627113676071
Animals,GHA,30,626495391,1820498,0.0936115269429357,-1.02405594834725
Animals,GIN,6,439749,1820498,26.6730294664554,1.42608862659582
Animals,GMB,83,852780,1820498,190.26856416506,2.27936932337737
Animals,GNB,5,,1820498,,
Animals,GNQ,0,4048191,1820498,0,-3
Animals,GRC,741,18335534189,1820498,0.0790042756524825,-1.09688680247481
Animals,GRL,0,272,1820498,0,-3
Animals,GTM,69,3302509308,1820498,0.0408442565397032,-1.37836414398592
Animals,GUY,7,1671234,1820498,8.18816776943566,0.913239768487329
Animals,HND,166,102342876,1820498,3.17085531480823,0.501313368616084
Animals,HRV,494,535730965,1820498,1.80262817463895,0.256147010840928
Animals,HTI,13,83837,1820498,303.133251533682,2.48163501063901
Animals,HUN,3126,2769255156,1820498,2.20674400584338,0.343948714303989
Animals,IDN,1194,6331805799,1820498,0.368640202026199,-0.432220801064871
Animals,IND,4363,68505002593,1820498,0.124505598639923,-0.901336900444363
Animals,IRL,323,9522948755,1820498,0.0663066413342736,-1.17194208061225
Animals,IRN,19,13576278792,1820498,0.00273589110924569,-2.42760579072431
Animals,IRQ,13,3522288,1820498,7.21513471040112,0.858304631994776
Animals,ISL,2,7815003,1820498,0.500295736070919,-0.299905989400006
Animals,ISR,3399,2151305241,1820498,3.08869542085558,0.489915669210796
Animals,ITA,9842,33447367733,1820498,0.575237738987756,-0.239398302290556
Animals,JAM,125,974635,1820498,250.722878198084,2.39919569684548
Animals,JOR,9,71179849,1820498,0.247178903853343,-0.605235137943942
Animals,JPN,15993,19546490961,1820498,1.59951047705997,0.204258521413259
Animals,KAZ,40,6095306838,1820498,0.012828928164556,-1.85921147934534
Animals,KEN,217,3227245884,1820498,0.131447894223586,-0.877954942118329
Animals,KGZ,18,117557257,1820498,0.299329152470212,-0.522402509484511
Animals,KHM,2730,472366,1820498,11298.2185547947,4.05301000999221
Animals,KOR,3663,11908952612,1820498,0.601297372957626,-0.220189031088916
Animals,KWT,8,21327532,1820498,0.73328928603299,-0.134132808508374
Animals,LAO,38,20244098,1820498,3.66953572776358,0.564729455704857
Animals,LBN,9,150993912,1820498,0.116522294304597,-0.929879738711161
Animals,LBR,2,162067,1820498,24.1246686758034,1.38247935924638
Animals,LKA,480,1066069004,1820498,0.880201036956089,-0.0549250004635732
Animals,LSO,2,24658085,1820498,0.158561083647876,-0.797073022871757
Animals,LTU,1410,592100618,1820498,4.65532015065117,0.668042833085379
Animals,LUX,2715,2592157799,1820498,2.04754923207785,0.311446405664224
Animals,LVA,92,24037371,1820498,7.48215697968576,0.874084855833246
Animals,MAR,109,83013829,1820498,2.56685896233432,0.40957116676363
Animals,MDA,23,4264841,1820498,10.5426780975508,1.02299213827882
Animals,MDG,141,474729335,1820498,0.580629368140566,-0.235353672817206
Animals,MEX,8149,217023260520,1820498,0.0734047203948888,-1.12839951100759
Animals,MKD,23,166724021,1820498,0.269684269432516,-0.567536982120741
Animals,MLI,20,569193,1820498,68.6904561068291,1.83690272255577
Animals,MMR,64,2171962277,1820498,0.0576041338424249,-1.23207174845915
Animals,MNE,44,5697365,1820498,15.0974843497286,1.17893335314836
Animals,MNG,3,16253516,1820498,0.36082771367267,-0.441498172041805
Animals,MOZ,130,3619553413,1820498,0.0702124806821557,-1.14744388534652
Animals,MRT,29,191472,1820498,296.086549652591,2.4714201458869
Animals,MWI,79,191477543,1820498,0.806557251427217,-0.0928266787831877
Animals,MYS,1795,907149123,1820498,3.86822495859657,0.587623980544967
Animals,NAM,176,,1820498,,
Animals,NCL,124,7754529,1820498,31.2602333492401,1.4950061082386
Animals,NER,6,555955,1820498,21.0978191307647,1.32425814916764
Animals,NGA,39,2303818534,1820498,0.0330934689956306,-1.46732880724834
Animals,NIC,80,58319188,1820498,2.68166468866572,0.428566392775286
Animals,NLD,127330,36502394483,1820498,6.81923001732707,0.833799021807703
Animals,NOR,2303,15134566661,1820498,0.297474608945533,-0.525092608132166
Animals,NPL,83,854611947,1820498,0.189860704286035,-0.719283477936561
Animals,NZL,6345,7367519937,1820498,1.68358970561519,0.226494142426884
Animals,OMN,16,132240845,1820498,0.236526781315194,-0.624287416263613
Animals,PAK,30,21380346722,1820498,0.00274304205337674,-2.42677529352494
Animals,PAN,122,2237294327,1820498,0.106601340063724,-0.968182319946054
Animals,PER,536,23620912255,1820498,0.0443602595220523,-1.34332446935605
Animals,PHL,805,34020777116,1820498,0.0462570151658342,-1.32553371262208
Animals,PNG,114,13027464,1820498,17.1068845526683,1.23319631089105
Animals,POL,1873,3469960282,1820498,1.05521080232657,0.023750604893463
Animals,PRI,416,13845562697,1820498,0.0587365826062634,-1.2237596260187
Animals,PRK,12,,1820498,,
Animals,PRT,12316,53237835055,1820498,0.452246535720011,-0.34366550664433
Animals,PRY,58,4040764757,1820498,0.0280601753600579,-1.5367017693334
Animals,PSE,88,592842,1820498,290.181461239897,2.46267115993868
Animals,QAT,3,13247278,1820498,0.44271125112813,-0.352899558795478
Animals,ROU,1401,345136795,1820498,7.93547318284666,0.899627553119535
Animals,RUS,4268,3173763289,1820498,2.6289106955048,0.419941001300414
Animals,RWA,21,222656458,1820498,0.184378362481429,-0.731940958451027
Animals,SAU,5,1317453306,1820498,0.00741926233832199,-2.07472595795763
Animals,SDN,20,243583,1820498,160.51254308722,2.20551168122632
Animals,SEN,39,6252321,1820498,12.1940871600303,1.08618490862555
Animals,SLB,0,58161,1820498,0,-3
Animals,SLE,0,59130,1820498,0,-3
Animals,SLV,20,7264184086,1820498,0.00538231497439152,-2.19502176669457
Animals,SOM,0,198185,1820498,0,-3
Animals,SRB,1728,962818561,1820498,3.50853036165675,0.545249003933857
Animals,SSD,4,288,1820498,27151.47693251,4.43379347445762
Animals,SUR,11,41301,1820498,520.664626293501,2.71655890703268
Animals,SVK,616,3060603948,1820498,0.393459044479636,-0.403998081630325
Animals,SVN,2866,1303337631,1820498,4.29877986694708,0.633446221854615
Animals,SWE,30300,38997501583,1820498,1.51890915242081,0.18181763019382
Animals,SWZ,79,1575684,1820498,98.0130538814361,1.99128835207571
Animals,SYR,79,2545,1820498,60682.7508024034,4.78306526666811
Animals,TCD,0,900080,1820498,0,-3
Animals,TGO,55,8233719,1820498,13.0584792428233,1.11592585944462
Animals,THA,1276,3027370152,1820498,0.82396943997602,-0.0835621390811077
Animals,TJK,5,903288,1820498,10.821057841689,1.03430985081808
Animals,TLS,30,1341377,1820498,43.7216309614833,1.64070628725927
Animals,TTO,88,16437264,1820498,10.4659606272907,1.01982059052083
Animals,TUN,5,274740726,1820498,0.0355772944113993,-1.43678842203227
Animals,TUR,203,17127945722,1820498,0.0231695028281084,-1.61673228303173
Animals,TWN,9614,14517798478,1820498,1.29458123922712,0.112464650545974
Animals,TZA,115,3046072657,1820498,0.0738046180495893,-1.12607159021649
Animals,UGA,37,331655614,1820498,0.218092296632152,-0.659372892128765
Animals,UKR,1125,10921111012,1820498,0.201377829519064,-0.693837066164819
Animals,URY,110,304471470,1820498,0.706272076347512,-0.150413487863517
Animals,USA,242000,506087827547,1820498,0.934792951581351,-0.0288202302496876
Animals,UZB,188,1102171246,1820498,0.333453075547259,-0.475664806028998
Animals,VEN,144,2977205658,1820498,0.0945539358625871,-1.01975141966916
Animals,VNM,412,1651417825,1820498,0.487715101250028,-0.310944241106411
Animals,VUT,10,548388,1820498,35.6482333519464,1.55205019464793
Animals,YEM,10,302307,1820498,64.66626109024,1.81068446727796
Animals,ZAF,2733,29842595315,1820498,0.179031313077054,-0.744651950930843
Animals,ZMB,55,2906161,1820498,36.9972099456085,1.56818071245752
Animals,ZWE,277,3561022025,1820498,0.152065629513195,-0.815122318044612
Dieases,AFG,0,844633,151491,0,-3
Dieases,AGO,1,17611983,151491,1.33389323832624,0.125446533221293
Dieases,ALB,1,1076686,151491,21.8192723200791,1.33886016634259
Dieases,ARE,0,146661432,151491,0,-3
Dieases,ARG,96,32944479522,151491,0.0684570075562054,-1.15828393150356
Dieases,ARM,1,531392741,151491,0.0442093074004124,-1.34477214623894
Dieases,ATF,0,,151491,,
Dieases,AUS,7666,89941710927,151491,2.00233619929105,0.301753838581945
Dieases,AUT,7359,6663166172,151491,25.9458251687255,1.41408422553495
Dieases,AZE,0,272116,151491,0,-3
Dieases,BDI,3,2754,151491,25590.9640928287,4.40808666441734
Dieases,BEL,1684,55932370249,151491,0.707307384016687,-0.149778230711866
Dieases,BEN,0,1671381180,151491,0,-3
Dieases,BFA,16,293440044,151491,1.28094337593361,0.107868842606607
Dieases,BGD,0,255346824,151491,0,-3
Dieases,BGR,1,654293480,151491,0.035905149226333,-1.43291303425922
Dieases,BHS,1,947680,151491,24.7894912177283,1.39428513229566
Dieases,BIH,1,1515505159,151491,0.0155014352130072,-1.78247828136291
Dieases,BLR,17,2008469,151491,198.844286684377,2.29851530117452
Dieases,BLZ,0,39958118,151491,0,-3
Dieases,BOL,13,757042340,151491,0.403415435765214,-0.393172276573317
Dieases,BRA,202,239723811413,151491,0.0197956389461128,-1.68202773139388
Dieases,BRN,1,23890549,151491,0.983338852414682,-0.0068553727056284
Dieases,BTN,0,9169608,151491,0,-3
Dieases,BWA,5,2756738,151491,42.6092451245217,1.62951403257926
Dieases,CAF,126,,151491,,
Dieases,CAN,7327,59019619478,151491,2.91648075555366,0.46500800000981
Dieases,CHE,1187,42861789477,151491,0.650593543093667,-0.186023227943462
Dieases,CHL,26,29961529844,151491,0.0203863131872071,-1.66986407753492
Dieases,CHN,193,696568008784,151491,0.00650913251112111,-2.12441023175669
Dieases,CIV,6,30199991,151491,4.6673864976748,0.669166804283979
Dieases,CMR,0,1388479541,151491,0,-3
Dieases,COD,14,2540186427,151491,0.129476745102313,-0.884466885825355
Dieases,COG,33,92827,151491,8351.58592034809,3.92176900545584
Dieases,COL,115,115710790110,151491,0.0233481948979142,-1.6135332305452
Dieases,CRI,86,15279943167,151491,0.132222706008749,-0.875421749235441
Dieases,CUB,18,295085888,151491,1.43302376652421,0.156556349089651
Dieases,CYP,1,273735972,151491,0.0858217678355285,-1.06137137544965
Dieases,CZE,56,15089529393,151491,0.0871849775974082,-1.05460539108379
Dieases,DEU,1106,72572459136,151491,0.358024392179827,-0.444876044376461
Dieases,DNK,207,17751114513,151491,0.273951730700768,-0.560743542279873
Dieases,DOM,13,167147736,151491,1.82714150243601,0.262009808109378
Dieases,DZA,2,2168294903,151491,0.0216691050693456,-1.64456562460734
Dieases,ECU,46,28979666487,151491,0.0372901196843222,-1.41691327616578
Dieases,EGY,1,5142084788,151491,0.00456867321442089,-2.25424826699763
Dieases,ERI,0,,151491,,
Dieases,ESP,386,68530825004,151491,0.132321578557333,-0.875099552837186
Dieases,EST,238,1458073327,151491,3.83466050391414,0.583840160594149
Dieases,ETH,12,3762121336,151491,0.0749338033701848,-1.11956484664762
Dieases,FIN,896,2748269304,151491,7.65910548966572,0.884234750476503
Dieases,FJI,5,54392237,151491,2.15954576727711,0.334563470492366
Dieases,FRA,254,60088960246,151491,0.0993043689726728,-0.998680149936714
Dieases,GAB,320,589946366,151491,12.742856037712,1.10530085676825
Dieases,GBR,5113,167124575316,151491,0.718728397832401,-0.142831361313342
Dieases,GEO,3,148369280,151491,0.475014201805456,-0.322380089981745
Dieases,GHA,122,626495391,151491,4.57479122067546,0.660466200711304
Dieases,GIN,1,439749,151491,53.4225320289909,1.72773259746282
Dieases,GMB,0,852780,151491,0,-3
Dieases,GNB,0,,151491,,
Dieases,GNQ,0,4048191,151491,0,-3
Dieases,GRC,21,18335534189,151491,0.0269063666592011,-1.55429670391185
Dieases,GRL,1,272,151491,86369.5038132968,4.9363604296421
Dieases,GTM,29,3302509308,151491,0.206292422682639,-0.683416572712035
Dieases,GUY,4,1671234,151491,56.2279250834216,1.74995978127215
Dieases,HND,10,102342876,151491,2.29547047683287,0.361060866548634
Dieases,HRV,1298,535730965,151491,56.9190013840386,1.75526490197234
Dieases,HTI,1,83837,151491,280.216432329601,2.44749514925475
Dieases,HUN,87,2769255156,151491,0.738049700407547,-0.131326354721606
Dieases,IDN,5,6331805799,151491,0.0185511888574717,-1.70882682913555
Dieases,IND,190,68505002593,151491,0.0651569343568973,-1.17942462774103
Dieases,IRL,23,9522948755,151491,0.0567395278245393,-1.23852677196267
Dieases,IRN,45,13576278792,151491,0.0778683719501768,-1.10309712405735
Dieases,IRQ,15,3522288,151491,100.04507739238,2.00020006548357
Dieases,ISL,1,7815003,151491,3.00607754561537,0.478144627700987
Dieases,ISR,4,2151305241,151491,0.0436804681911092,-1.34988228471153
Dieases,ITA,3950,33447367733,151491,2.77437063621159,0.443320989084992
Dieases,JAM,6,974635,151491,144.623402836242,2.16024157873277
Dieases,JOR,1,71179849,151491,0.330044322476952,-0.480113856017294
Dieases,JPN,384,19546490961,151491,0.461521300794632,-0.334868261617816
Dieases,KAZ,8,6095306838,151491,0.0308335651170272,-1.49711472097845
Dieases,KEN,4,3227245884,151491,0.029117713222519,-1.52117800632737
Dieases,KGZ,0,117557257,151491,0,-3
Dieases,KHM,3,472366,151491,149.20107525023,2.17377486377643
Dieases,KOR,23,11908952612,151491,0.0453715480664123,-1.33374840538783
Dieases,KWT,0,21327532,151491,0,-3
Dieases,LAO,23,20244098,151491,26.6906243911675,1.42637500475992
Dieases,LBN,0,150993912,151491,0,-3
Dieases,LBR,0,162067,151491,0,-3
Dieases,LKA,28,1066069004,151491,0.617023981162545,-0.208994672670899
Dieases,LSO,0,24658085,151491,0,-3
Dieases,LTU,19,592100618,151491,0.753854297965144,-0.12213686783607
Dieases,LUX,20,2592157799,151491,0.181258294122986,-0.739312698895405
Dieases,LVA,2,24037371,151491,1.95466509521501,0.291294484524593
Dieases,MAR,43,83013829,151491,12.1687883665783,1.08528302588607
Dieases,MDA,0,4264841,151491,0,-3
Dieases,MDG,101,474729335,151491,4.99809646007844,0.698891516763717
Dieases,MEX,204,217023260520,151491,0.0220827528630304,-1.63671239820567
Dieases,MKD,0,166724021,151491,0,-3
Dieases,MLI,0,569193,151491,0,-3
Dieases,MMR,0,2171962277,151491,0,-3
Dieases,MNE,1,5697365,151491,4.12339827924255,0.615360596991071
Dieases,MNG,0,16253516,151491,0,-3
Dieases,MOZ,2,3619553413,151491,0.0129808859583842,-1.85446530679878
Dieases,MRT,0,191472,151491,0,-3
Dieases,MWI,0,191477543,151491,0,-3
Dieases,MYS,4,907149123,151491,0.103588283079746,-0.980516966318033
Dieases,NAM,1,,151491,,
Dieases,NCL,10,7754529,151491,30.2952055981952,1.48138823936187
Dieases,NER,0,555955,151491,0,-3
Dieases,NGA,0,2303818534,151491,0,-3
Dieases,NIC,4,58319188,151491,1.61130535886177,0.207447297462654
Dieases,NLD,2074,36502394483,151491,1.33480162431205,0.125741967223738
Dieases,NOR,186,15134566661,151491,0.288716950725935,-0.538026094401424
Dieases,NPL,7,854611947,151491,0.192423632547834,-0.713490464802684
Dieases,NZL,3485,7367519937,151491,11.1124748565034,1.04584987127687
Dieases,OMN,0,132240845,151491,0,-3
Dieases,PAK,105,21380346722,151491,0.115372919858664,-0.934148068863256
Dieases,PAN,23,2237294327,151491,0.241509402377341,-0.615271418622807
Dieases,PER,74,23620912255,151491,0.073597723660569,-1.12727442476241
Dieases,PHL,22,34020777116,151491,0.0151917491201487,-1.79070623387804
Dieases,PNG,9,13027464,151491,16.2297547193338,1.21033871470124
Dieases,POL,49,3469960282,151491,0.331742340912368,-0.477891932360507
Dieases,PRI,89,13845562697,151491,0.151011049104225,-0.818124843696044
Dieases,PRK,5,,151491,,
Dieases,PRT,43,53237835055,151491,0.0189748083399091,-1.69951737908878
Dieases,PRY,11,4040764757,151491,0.0639526354415252,-1.1874032228128
Dieases,PSE,1,592842,151491,39.6269242685517,1.59800132435732
Dieases,QAT,0,13247278,151491,0,-3
Dieases,ROU,2,345136795,151491,0.136134456699795,-0.862853409729524
Dieases,RUS,170,3173763289,151491,1.258356560544,0.100148708942698
Dieases,RWA,0,222656458,151491,0,-3
Dieases,SAU,0,1317453306,151491,0,-3
Dieases,SDN,0,243583,151491,0,-3
Dieases,SEN,0,6252321,151491,0,-3
Dieases,SLB,1,58161,151491,403.921958652993,2.60629853881726
Dieases,SLE,3,59130,151491,1191.90791665229,3.07624306873752
Dieases,SLV,11,7264184086,151491,0.0355742024637595,-1.43682513531515
Dieases,SOM,0,198185,151491,0,-3
Dieases,SRB,3,962818561,151491,0.0731991654153936,-1.12960097959331
Dieases,SSD,0,288,151491,0,-3
Dieases,SUR,0,41301,151491,0,-3
Dieases,SVK,3,3060603948,151491,0.0230273228124485,-1.61929461673472
Dieases,SVN,81142,1303337631,151491,1462.57485273963,3.16511839890602
Dieases,SWE,1585,38997501583,151491,0.954820667286554,-0.0196235831566488
Dieases,SWZ,2,1575684,151491,29.8188025482479,1.47450476344661
Dieases,SYR,1,2545,151491,9230.84677297317,3.96524158902336
Dieases,TCD,8,900080,151491,208.803706668,2.31974028387478
Dieases,TGO,0,8233719,151491,0,-3
Dieases,THA,4,3027370152,151491,0.0310401488522263,-1.49430547493642
Dieases,TJK,0,903288,151491,0,-3
Dieases,TLS,0,1341377,151491,0,-3
Dieases,TTO,14,16437264,151491,20.0091128621548,1.30124953817508
Dieases,TUN,1,274740726,151491,0.0855079091449177,-1.06294418454711
Dieases,TUR,11,17127945722,151491,0.015087480985969,-1.79351195338631
Dieases,TWN,83,14517798478,151491,0.134309476815221,-0.868671785187859
Dieases,TZA,12,3046072657,151491,0.0925486986657262,-1.02896224949187
Dieases,UGA,4,331655614,151491,0.283336135986128,-0.546167942764409
Dieases,UKR,31,10921111012,151491,0.0666843927649399,-1.16951146303545
Dieases,URY,24,304471470,151491,1.85179951636586,0.267828428683965
Dieases,USA,20459,506087827547,151491,0.949703064161884,-0.0219551063356946
Dieases,UZB,2,1102171246,151491,0.0426295008556533,-1.36021975554115
Dieases,VEN,40,2977205658,151491,0.315631605416178,-0.499445737064407
Dieases,VNM,0,1651417825,151491,0,-3
Dieases,VUT,0,548388,151491,0,-3
Dieases,YEM,0,302307,151491,0,-3
Dieases,ZAF,80,29842595315,151491,0.0629771098371153,-1.19397538304128
Dieases,ZMB,49,2906161,151491,396.100817134226,2.59780683475359
Dieases,ZWE,7,3561022025,151491,0.0461798703029693,-1.32624325732033
Plants,AFG,33,844633,1097756,126.664885833875,2.10265966469385
Plants,AGO,0,17611983,1097756,0,-3
Plants,ALB,0,1076686,1097756,0,-3
Plants,ARE,2,146661432,1097756,0.0442103971309689,-1.34476167807894
Plants,ARG,17,32944479522,1097756,0.00167292554309704,-2.57301313876403
Plants,ARM,0,531392741,1097756,0,-3
Plants,ATF,26,,1097756,,
Plants,AUS,203895,89941710927,1097756,7.34946579107435,0.866314860728237
Plants,AUT,15328,6663166172,1097756,7.4578765298857,0.872673418140918
Plants,AZE,0,272116,1097756,0,-3
Plants,BDI,9,2754,1097756,10594.7061315631,4.02508895605351
Plants,BEL,15,55932370249,1097756,0.000869437517619662,-2.7282890457312
Plants,BEN,3483,1671381180,1097756,6.75597927075357,0.82975258658649
Plants,BFA,19,293440044,1097756,0.209915526896893,-0.675891447773894
Plants,BGD,0,255346824,1097756,0,-3
Plants,BGR,8,654293480,1097756,0.0396394605828356,-1.39105206517917
Plants,BHS,0,947680,1097756,0,-3
Plants,BIH,0,1515505159,1097756,0,-3
Plants,BLR,19,2008469,1097756,30.6689430849605,1.48671297005127
Plants,BLZ,24,39958118,1097756,1.94722688966981,0.289639533237459
Plants,BOL,18,757042340,1097756,0.0770837221239823,-1.10743949273663
Plants,BRA,840,239723811413,1097756,0.0113600031970345,-1.90798141691272
Plants,BRN,2,23890549,1097756,0.271402727183732,-0.564788548760291
Plants,BTN,11,9169608,1097756,3.8891281763453,0.589963911187504
Plants,BWA,11,2756738,1097756,12.9362242036934,1.11184110459108
Plants,CAF,3,,1097756,,
Plants,CAN,6168,59019619478,1097756,0.33881162378241,-0.468761769498113
Plants,CHE,229,42861789477,1097756,0.0173211022339964,-1.73704840186126
Plants,CHL,159,29961529844,1097756,0.0172045564698792,-1.73981989761609
Plants,CHN,369,696568008784,1097756,0.00171740681893743,-2.56584533913316
Plants,CIV,111,30199991,1097756,11.9158905863472,1.07616295193503
Plants,CMR,75,1388479541,1097756,0.175118536888382,-0.754194931115882
Plants,COD,12,2540186427,1097756,0.0153153172151406,-1.78740447790149
Plants,COG,6,92827,1097756,209.549812635869,2.32128934936261
Plants,COL,153,115710790110,1097756,0.00428674759887109,-2.27681142328775
Plants,CRI,20,15279943167,1097756,0.00424344520241408,-2.28038326631007
Plants,CUB,22,295085888,1097756,0.241704414132073,-0.614922324962796
Plants,CYP,5,273735972,1097756,0.0592172824888775,-1.22027884740703
Plants,CZE,281,15089529393,1097756,0.0603727510449193,-1.21202440894925
Plants,DEU,9095,72572459136,1097756,0.406294745205107,-0.390091193015272
Plants,DNK,101,17751114513,1097756,0.0184461650259925,-1.7111660330152
Plants,DOM,74,167147736,1097756,1.43529629167764,0.157244039187151
Plants,DZA,0,2168294903,1097756,0,-3
Plants,ECU,18,28979666487,1097756,0.00201367539543035,-2.5209035275905
Plants,EGY,5,5142084788,1097756,0.00315239850169726,-2.38170097433509
Plants,ERI,2,,1097756,,
Plants,ESP,8213,68530825004,1097756,0.388531472731508,-0.409457447153344
Plants,EST,0,1458073327,1097756,0,-3
Plants,ETH,91,3762121336,1097756,0.0784185730844022,-1.10007792018245
Plants,FIN,899,2748269304,1097756,1.06050017889957,0.0259200716956959
Plants,FJI,0,54392237,1097756,0,-3
Plants,FRA,701754,60088960246,1097756,37.8617382813844,1.57821201949284
Plants,GAB,131,589946366,1097756,0.719894916667453,-0.142128036858264
Plants,GBR,263,167124575316,1097756,0.00510182753460258,-2.21454007165738
Plants,GEO,2,148369280,1097756,0.0437015004218972,-1.34967789937334
Plants,GHA,25,626495391,1097756,0.129369669866346,-0.884823434231408
Plants,GIN,2,439749,1097756,14.7446842460508,1.16866492998306
Plants,GMB,0,852780,1097756,0,-3
Plants,GNB,1,,1097756,,
Plants,GNQ,6,4048191,1097756,4.80507971524806,0.681790969881374
Plants,GRC,194,18335534189,1097756,0.0343019258839718,-1.45220160118536
Plants,GRL,0,272,1097756,0,-3
Plants,GTM,69,3302509308,1097756,0.0677353504257928,-1.16281984887492
Plants,GUY,4,1671234,1097756,7.75948808188032,0.889889036284145
Plants,HND,15,102342876,1097756,0.47516449648996,-0.322242989345492
Plants,HRV,79,535730965,1097756,0.478069110723151,-0.319601830550667
Plants,HTI,8,83837,1097756,309.360313585486,2.49046600313573
Plants,HUN,1578,2769255156,1097756,1.8473720448805,0.266789391546544
Plants,IDN,79,6331805799,1097756,0.040449191613687,-1.38248393510499
Plants,IND,234,68505002593,1097756,0.0110739845139712,-1.918149385506
Plants,IRL,7,9522948755,1097756,0.00238307073971103,-2.47068892105773
Plants,IRN,0,13576278792,1097756,0,-3
Plants,IRQ,0,3522288,1097756,0,-3
Plants,ISL,3858,7815003,1097756,1600.45480906463,3.20424368713724
Plants,ISR,180,2151305241,1097756,0.27125691073724,-0.565021087671516
Plants,ITA,2227,33447367733,1097756,0.215858230981325,-0.663824089300648
Plants,JAM,1,974635,1097756,3.32635302062649,0.522098880453044
Plants,JOR,0,71179849,1097756,0,-3
Plants,JPN,23,19546490961,1097756,0.00381477892388548,-2.31742364921252
Plants,KAZ,0,6095306838,1097756,0,-3
Plants,KEN,41,3227245884,1097756,0.0411871880557924,-1.37481942111139
Plants,KGZ,0,117557257,1097756,0,-3
Plants,KHM,7,472366,1097756,48.0429593446778,1.68163879079352
Plants,KOR,4,11908952612,1097756,0.00108892198395064,-2.68007777953737
Plants,KWT,0,21327532,1097756,0,-3
Plants,LAO,2,20244098,1097756,0.32028891346587,-0.493104260143055
Plants,LBN,6,150993912,1097756,0.128825594356081,-0.886639680479678
Plants,LBR,6,162067,1097756,120.023696727587,2.07927061728897
Plants,LKA,0,1066069004,1097756,0,-3
Plants,LSO,2,24658085,1097756,0.262954732799266,-0.578470546543577
Plants,LTU,0,592100618,1097756,0,-3
Plants,LUX,107,2592157799,1097756,0.133823592180021,-0.870234105893429
Plants,LVA,0,24037371,1097756,0,-3
Plants,MAR,0,83013829,1097756,0,-3
Plants,MDA,0,4264841,1097756,0,-3
Plants,MDG,2,474729335,1097756,0.0136582251705945,-1.83391861122829
Plants,MEX,5747,217023260520,1097756,0.0858509795383864,-1.06122527905088
Plants,MKD,0,166724021,1097756,0,-3
Plants,MLI,39,569193,1097756,222.134184668598,2.34661735322291
Plants,MMR,28,2171962277,1097756,0.0417942075221559,-1.36861501162727
Plants,MNE,0,5697365,1097756,0,-3
Plants,MNG,0,16253516,1097756,0,-3
Plants,MOZ,5,3619553413,1097756,0.00447842552152206,-2.26134423815146
Plants,MRT,4,191472,1097756,67.727502219819,1.83077147151866
Plants,MWI,4,191477543,1097756,0.0677255416058539,-1.16288182892346
Plants,MYS,16,907149123,1097756,0.05718098590956,-1.23521892366212
Plants,NAM,0,,1097756,,
Plants,NCL,0,7754529,1097756,0,-3
Plants,NER,57,555955,1097756,332.388168730784,2.52164686337593
Plants,NGA,197,2303818534,1097756,0.277222387786765,-0.555607926460952
Plants,NIC,110,58319188,1097756,6.11493096214598,0.78646257436483
Plants,NLD,79,36502394483,1097756,0.00701642809059237,-2.09601909880994
Plants,NOR,1002,15134566661,1097756,0.214638721357098,-0.666273252011288
Plants,NPL,10,854611947,1097756,0.0379351129789237,-1.4096585607636
Plants,NZL,1,7367519937,1097756,0.00044003682432903,-2.84162640207252
Plants,OMN,1,132240845,1097756,0.0245157241414957,-1.59319210179019
Plants,PAK,33,21380346722,1097756,0.00500391054960945,-2.22156578679859
Plants,PAN,9,2237294327,1097756,0.0130415655795495,-1.85258446737334
Plants,PER,18,23620912255,1097756,0.00247050752073713,-2.45960701012602
Plants,PHL,2,34020777116,1097756,0.000190588243484514,-2.92423841022288
Plants,PNG,380,13027464,1097756,94.5657903163771,1.97573864893328
Plants,POL,505,3469960282,1097756,0.471820944753522,-0.325303293570525
Plants,PRI,105,13845562697,1097756,0.0245860652583574,-1.59199649676122
Plants,PRK,0,,1097756,,
Plants,PRT,0,53237835055,1097756,0,-3
Plants,PRY,92,4040764757,1097756,0.0738132964803432,-1.12602120862142
Plants,PSE,31,592842,1097756,169.524734016833,2.22923563347241
Plants,QAT,0,13247278,1097756,0,-3
Plants,ROU,8,345136795,1097756,0.0751465534414155,-1.11834974899569
Plants,RUS,67,3173763289,1097756,0.0684400962926715,-1.15838968559443
Plants,RWA,0,222656458,1097756,0,-3
Plants,SAU,0,1317453306,1097756,0,-3
Plants,SDN,0,243583,1097756,0,-3
Plants,SEN,14,6252321,1097756,7.25933954248608,0.860956931716606
Plants,SLB,0,58161,1097756,0,-3
Plants,SLE,0,59130,1097756,0,-3
Plants,SLV,26,7264184086,1097756,0.0116037095129744,-1.89950161488919
Plants,SOM,8,198185,1097756,130.86681943672,2.11683286611336
Plants,SRB,2,962818561,1097756,0.00673435309118079,-2.11157600525868
Plants,SSD,2,288,1097756,22513.7505295715,4.35244786873838
Plants,SUR,6,41301,1097756,470.978437750896,2.6730019469033
Plants,SVK,35888,3060603948,1097756,38.0147784403099,1.57996388786157
Plants,SVN,20378,1303337631,1097756,50.689144871312,1.70492353242919
Plants,SWE,56,38997501583,1097756,0.00465544911599176,-2.24753290075585
Plants,SWZ,0,1575684,1097756,0,-3
Plants,SYR,0,2545,1097756,0,-3
Plants,TCD,9,900080,1097756,32.4169192586488,1.51078513625318
Plants,TGO,52,8233719,1097756,20.4747045612598,1.31123885459865
Plants,THA,38,3027370152,1097756,0.0406938156592538,-1.37992835807759
Plants,TJK,9,903288,1097756,32.3017915507841,1.5092400549229
Plants,TLS,0,1341377,1097756,0,-3
Plants,TTO,0,16437264,1097756,0,-3
Plants,TUN,0,274740726,1097756,0,-3
Plants,TUR,28,17127945722,1097756,0.00529984410323275,-2.20067019752157
Plants,TWN,5853,14517798478,1097756,1.30703766243171,0.11662024884359
Plants,TZA,51,3046072657,1097756,0.054280052548718,-1.25743155279726
Plants,UGA,467,331655614,1097756,4.56499040481378,0.659534994508398
Plants,UKR,730,10921111012,1097756,0.216703726669211,-0.662134136608784
Plants,URY,0,304471470,1097756,0,-3
Plants,USA,64763,506087827547,1097756,0.414869404578234,-0.381043029410515
Plants,UZB,2,1102171246,1097756,0.00588289721406558,-2.1622287159464
Plants,VEN,6,2977205658,1097756,0.00653360321457167,-2.12299725727583
Plants,VNM,20,1651417825,1097756,0.0392629899856906,-1.39509397693694
Plants,VUT,0,548388,1097756,0,-3
Plants,YEM,0,302307,1097756,0,-3
Plants,ZAF,2,29842595315,1097756,0.00021727199273642,-2.9146123702117
Plants,ZMB,8,2906161,1097756,8.9244335086963,0.950629318998509
Plants,ZWE,0,3561022025,1097756,0,-3
Total,AFG,36,844633,3069745,49.4138071273442,1.69385710459431
Total,AGO,9,17611983,3069745,0.59244510052318,-0.226619451338948
Total,ALB,163,1076686,3069745,175.514256537823,2.2443148731791
Total,ARE,22,146661432,3069745,0.173908424263886,-0.757189272721369
Total,ARG,4767,32944479522,3069745,0.167755343123642,-0.772742467668032
Total,ARM,112,531392741,3069745,0.244352206775592,-0.610210031483138
Total,ATF,26,,3069745,,
Total,AUS,291528,89941710927,3069745,3.75779417481471,0.57504854513665
Total,AUT,45069,6663166172,3069745,7.84171651515614,0.894466517174001
Total,AZE,5,272116,3069745,21.3024613662464,1.32845017292843
Total,BDI,13,2754,3069745,5472.59458989017,3.73819335613294
Total,BEL,225569,55932370249,3069745,4.67552141782409,0.669922927694918
Total,BEN,3844,1671381180,3069745,2.66637808839233,0.426084579268616
Total,BFA,42,293440044,3069745,0.165937205380037,-0.777446861100667
Total,BGD,8168,255346824,3069745,37.0850722106959,1.56921083959582
Total,BGR,384,654293480,3069745,0.680412826861978,-0.166589695565696
Total,BHS,7,947680,3069745,8.5634779756801,0.932700896876459
Total,BIH,68,1515505159,3069745,0.0520194018350222,-1.27556517628634
Total,BLR,274,2008469,3069745,158.160959231701,2.19910203616302
Total,BLZ,52,39958118,3069745,1.50873226817715,0.178899937516625
Total,BOL,232,757042340,3069745,0.355288929783215,-0.448197671358647
Total,BRA,4630,239723811413,3069745,0.0223915252422782,-1.63094145913533
Total,BRN,12,23890549,3069745,0.582329748266984,-0.234085875140769
Total,BTN,27,9169608,3069745,3.41371180933172,0.53335405650998
Total,BWA,179,2756738,3069745,75.2785765863579,1.87667716771562
Total,CAF,132,,3069745,,
Total,CAN,47069,59019619478,3069745,0.924596887063941,-0.0335781146583232
Total,CHE,29082,42861789477,3069745,0.786625157378346,-0.103680420598794
Total,CHL,3976,29961529844,3069745,0.153849557447176,-0.810090031498826
Total,CHN,11624,696568008784,3069745,0.0193466572162205,-1.69150693149028
Total,CIV,194,30199991,3069745,7.44747024570092,0.872067087235668
Total,CMR,112,1388479541,3069745,0.0935173944546298,-1.02448825899876
Total,COD,32,2540186427,3069745,0.014604888562252,-1.80673932837461
Total,COG,44,92827,3069745,549.53103169132,2.73999301210317
Total,COL,9504,115710790110,3069745,0.0952240018285965,-1.01671658532644
Total,CRI,531,15279943167,3069745,0.0402890143349186,-1.38416548462385
Total,CUB,100,295085888,3069745,0.392884974366346,-0.404630586020631
Total,CYP,105,273735972,3069745,0.444704257282955,-0.350953217595078
Total,CZE,2202,15089529393,3069745,0.169182516146305,-0.769085059593457
Total,DEU,59198,72572459136,3069745,0.945690562978766,-0.0237919520963918
Total,DNK,2975,17751114513,3069745,0.194301075623782,-0.709295364821789
Total,DOM,265,167147736,3069745,1.83805810321169,0.264595450557052
Total,DZA,127,2168294903,3069745,0.0679046058059626,-1.16175174747902
Total,ECU,1354,28979666487,3069745,0.0541675436117602,-1.25831635299364
Total,EGY,36,5142084788,3069745,0.00811665576825765,-2.04016444322261
Total,ERI,2,,3069745,,
Total,ESP,608364,68530825004,3069745,10.2918016360196,1.01253360308651
Total,EST,707,1458073327,3069745,0.562152192505778,-0.249374220719997
Total,ETH,129,3762121336,3069745,0.0397530790564985,-1.38983957301653
Total,FIN,18223,2748269304,3069745,7.68731094754293,0.885830939706167
Total,FJI,109,54392237,3069745,2.32329007872204,0.366290328419949
Total,FRA,821180,60088960246,3069745,15.8437337162966,1.19988494491384
Total,GAB,455,589946366,3069745,0.894154829863829,-0.0481018407288405
Total,GBR,89295,167124575316,3069745,0.619442052560823,-0.207298774081875
Total,GEO,134,148369280,3069745,1.04706747560739,0.0203892438505829
Total,GHA,177,626495391,3069745,0.327543696854855,-0.483406860378545
Total,GIN,9,439749,3069745,23.727474170146,1.37526981235172
Total,GMB,83,852780,3069745,112.837887357211,2.05245879516318
Total,GNB,6,,3069745,,
Total,GNQ,6,4048191,3069745,1.71832027998803,0.235356785863942
Total,GRC,956,18335534189,3069745,0.0604474779367822,-1.21149593768585
Total,GRL,1,272,3069745,4262.30924789523,3.62964505824657
Total,GTM,167,3302509308,3069745,0.0586254624044176,-1.22456823991983
Total,GUY,15,1671234,3069745,10.4056174846925,1.01730959152335
Total,HND,191,102342876,3069745,2.16366296024995,0.335390285955735
Total,HRV,1871,535730965,3069745,4.04893587579889,0.607448146916602
Total,HTI,22,83837,3069745,304.229141541385,2.4832022394889
Total,HUN,4791,2769255156,3069745,2.00575118871898,0.302493528907533
Total,IDN,1278,6331805799,3069745,0.234000684567797,-0.628930872606631
Total,IND,4787,68505002593,3069745,0.0810130533316489,-1.08611701909508
Total,IRL,353,9522948755,3069745,0.0429751220210056,-1.35679294679999
Total,IRN,64,13576278792,3069745,0.00546528842874695,-2.18941209565303
Total,IRQ,28,3522288,3069745,9.21609681887741,0.96459414946054
Total,ISL,3861,7815003,3069745,572.77560528967,2.7579852711694
Total,ISR,3583,2151305241,3069745,1.93089489041818,0.285983493842845
Total,ITA,16019,33447367733,3069745,0.555248401287793,-0.254731224213956
Total,JAM,132,974635,3069745,157.016679307054,2.19594855427694
Total,JOR,10,71179849,3069745,0.162875888571708,-0.785484940453693
Total,JPN,16400,19546490961,3069745,0.972722374105266,-0.0115648506994418
Total,KAZ,48,6095306838,3069745,0.00912976344252091,-1.99440069647658
Total,KEN,262,3227245884,3069745,0.0941202552144942,-1.02172699314443
Total,KGZ,18,117557257,3069745,0.177515762193184,-0.748323431477267
Total,KHM,2740,472366,3069745,6724.89941331797,3.82768585740802
Total,KOR,3690,11908952612,3069745,0.359225087655214,-0.443426044290467
Total,KWT,8,21327532,3069745,0.434873801779785,-0.360639233492979
Total,LAO,63,20244098,3069745,3.60791235410601,0.557376334930017
Total,LBN,15,150993912,3069745,0.115171674811714,-0.934899749506216
Total,LBR,8,162067,3069745,57.2280903787941,1.75761684311947
Total,LKA,508,1066069004,3069745,0.552449082026937,-0.256922328555681
Total,LSO,4,24658085,3069745,0.188067826909917,-0.723382367422851
Total,LTU,1429,592100618,3069745,2.79801845595422,0.447005762093404
Total,LUX,2842,2592157799,3069745,1.2710905737745,0.104518034496414
Total,LVA,94,24037371,3069745,4.53372054914763,0.656550528947916
Total,MAR,152,83013829,3069745,2.1227898492067,0.327111540730882
Total,MDA,23,4264841,3069745,6.25228622938876,0.796108307938482
Total,MDG,244,474729335,3069745,0.595878365435982,-0.224114162341446
Total,MEX,14100,217023260520,3069745,0.0753228404566401,-1.11734547515289
Total,MKD,23,166724021,3069745,0.15993500213645,-0.793349489887802
Total,MLI,59,569193,3069745,120.172839107689,2.07980993548918
Total,MMR,92,2171962277,3069745,0.0491076791474727,-1.30009571214054
Total,MNE,45,5697365,3069745,9.15698137546702,0.961799755970437
Total,MNG,3,16253516,3069745,0.213987197987347,-0.667587400591313
Total,MOZ,137,3619553413,3069745,0.0438812952015326,-1.34793461853527
Total,MRT,33,191472,3069745,199.812441553374,2.30062470008669
Total,MWI,83,191477543,3069745,0.502544016770064,-0.297962560056118
Total,MYS,1815,907149123,3069745,2.31959308139123,0.365598993105762
Total,NAM,177,,3069745,,
Total,NCL,134,7754529,3069745,20.033795407469,1.3017849118368
Total,NER,63,555955,3069745,131.375617220697,2.11851807515011
Total,NGA,236,2303818534,3069745,0.118762025395222,-0.921680867887695
Total,NIC,194,58319188,3069745,3.85659578101354,0.586316718053199
Total,NLD,129483,36502394483,3069745,4.11249382831068,0.614210850048041
Total,NOR,3491,15134566661,3069745,0.267419897880974,-0.571185293199009
Total,NPL,100,854611947,3069745,0.135657840906301,-0.86436544509355
Total,NZL,9831,7367519937,3069745,1.54699972585467,0.189770879434849
Total,OMN,17,132240845,3069745,0.149038052216526,-0.823798582465233
Total,PAK,168,21380346722,3069745,0.00910979068414289,-1.99525783606704
Total,PAN,154,2237294327,3069745,0.0798015744380133,-1.09258017681106
Total,PER,628,23620912255,3069745,0.030823137084147,-1.49725701038462
Total,PHL,829,34020777116,3069745,0.0282503713660731,-1.53386861569419
Total,PNG,503,13027464,3069745,44.7632863971095,1.65093166564636
Total,POL,2427,3469960282,3069745,0.810884750104627,-0.0905056160125057
Total,PRI,610,13845562697,3069745,0.0510779060329567,-1.28334648635643
Total,PRK,17,,3069745,,
Total,PRT,12359,53237835055,3069745,0.269139106497585,-0.568412540926473
Total,PRY,161,4040764757,3069745,0.0461930000405188,-1.32612241384948
Total,PSE,120,592842,3069745,234.669226963171,2.3704579933659
Total,QAT,3,13247278,3069745,0.262547849171921,-0.579140523735033
Total,ROU,1411,345136795,3069745,4.73968645060926,0.675841231996168
Total,RUS,4505,3173763289,3069745,1.64563730323018,0.216597949775561
Total,RWA,21,222656458,3069745,0.109344730634211,-0.957248401162276
Total,SAU,5,1317453306,3069745,0.00439995903516106,-2.26760953478277
Total,SDN,20,243583,3069745,95.1912174024873,1.97860144337064
Total,SEN,53,6252321,3069745,9.82762243295852,0.992492651943126
Total,SLB,1,58161,3069745,19.933428163675,1.299603782064
Total,SLE,3,59130,3069745,58.820300123161,1.76953461945827
Total,SLV,57,7264184086,3069745,0.00909707708354015,-1.99580432821802
Total,SOM,8,198185,3069745,46.7986221127736,1.67024234634336
Total,SRB,1733,962818561,3069745,2.08673821363511,0.319676040545987
Total,SSD,6,288,3069745,24153.085738073,4.38297264099428
Total,SUR,17,41301,3069745,477.201955455499,2.67870312471758
Total,SVK,36507,3060603948,3069745,13.8287483022981,1.1408142761384
Total,SVN,104386,1303337631,3069745,92.8536930865425,1.9678038588575
Total,SWE,31941,38997501583,3069745,0.949566937667938,-0.0220172952780392
Total,SWZ,81,1575684,3069745,59.5977349199635,1.77523704123168
Total,SYR,80,2545,3069745,36443.1627639294,4.56161607262516
Total,TCD,17,900080,3069745,21.8968513490662,1.34040150328653
Total,TGO,107,8233719,3069745,15.0661260544285,1.17803042167547
Total,THA,1318,3027370152,3069745,0.504735377378276,-0.296076665385102
Total,TJK,14,903288,3069745,17.9686585186397,1.25453982419414
Total,TLS,30,1341377,3069745,25.9289099655243,1.41380100880391
Total,TTO,102,16437264,3069745,7.19423304107091,0.857044864542555
Total,TUN,6,274740726,3069745,0.0253187388482224,-1.5797349252549
Total,TUR,242,17127945722,3069745,0.0163803790884909,-1.7599407552611
Total,TWN,15550,14517798478,3069745,1.24177665244608,0.0943930857407432
Total,TZA,178,3046072657,3069745,0.0677475516126848,-1.16274276426184
Total,UGA,508,331655614,3069745,1.77578433102348,0.249634715632693
Total,UKR,1886,10921111012,3069745,0.200211365244226,-0.696347492187426
Total,URY,134,304471470,3069745,0.510237124901343,-0.291377616206528
Total,USA,327222,506087827547,3069745,0.749601528385282,-0.124590555605566
Total,UZB,192,1102171246,3069745,0.201960302421173,-0.692588898664978
Total,VEN,190,2977205658,3069745,0.0739875464562971,-1.12501085600022
Total,VNM,432,1651417825,3069745,0.303277812727183,-0.516729714291374
Total,VUT,10,548388,3069745,21.1410190490584,1.32514645979229
Total,YEM,10,302307,3069745,38.3500254849376,1.58377698123142
Total,ZAF,2815,29842595315,3069745,0.109359286968182,-0.957191114162265
Total,ZMB,112,2906161,3069745,44.6799020865948,1.65012193273532
Total,ZWE,284,3561022025,3069745,0.0924607774031981,-1.02937061085167
